reference_index,maximum_centered_score,tie_count,winning_rule_indices
0,7973,1,410
1,9021,1,1150
2,9802,1,397
3,8549,1,410
4,8648,1,8
5,9175,1,1445
6,8299,1,1775
7,8926,1,2779
8,8574,1,1113
9,9136,1,1613
10,8104,1,246
11,8024,1,552
12,7725,1,529
13,7357,1,1112
14,7596,1,2409
15,9052,1,458
16,8540,1,1448
17,8471,1,1261
18,8006,1,7
19,9230,1,323
20,8524,1,1794
21,8797,1,415
22,8672,1,2397
23,8347,1,2234
24,8414,1,2331
25,7707,1,762
26,8084,1,2732
27,9770,1,1305
28,8820,1,1658
29,8398,1,2967
30,7361,1,1891
31,7990,1,265
32,8876,1,221
33,7755,1,1263
34,9458,1,2690
35,8851,1,2393
36,7556,1,2154
37,9950,1,1735
38,8112,1,2018
39,8544,1,2328
40,9644,1,725
41,7955,1,582
42,8132,1,2435
43,9199,1,140
44,7577,1,365
45,8718,1,2981
46,10225,1,1629
47,8136,1,1343
48,9487,1,2529
49,9396,1,495
50,8243,1,965
51,7873,1,2285
52,8493,1,2865
53,10489,1,2143
54,8543,1,1568
55,8487,1,2517
56,7971,1,1201
57,7546,1,2631
58,8197,1,2785
59,8386,1,1632
60,8694,1,2269
61,9288,1,1932
62,8061,1,2029
63,10473,1,1135
64,8490,1,567
65,7669,1,2566
66,8142,1,2804
67,8946,1,566
68,8435,1,844
69,9003,1,2781
70,7783,1,1831
71,9148,1,1887
72,8652,1,1765
73,8293,1,108
74,8633,1,273
75,8282,1,1402
76,9160,1,2099
77,7957,1,261
78,8331,1,645
79,7002,1,1122
80,7644,1,2968
81,8009,1,680
82,7700,1,2325
83,7629,1,2237
84,8436,1,299
85,9466,1,2375
86,7949,1,1224
87,8002,1,1632
88,7490,1,1971
89,8471,1,1722
90,8615,1,2150
91,7910,1,2741
92,8236,1,1429
93,8058,1,1041
94,7492,1,2949
95,8793,1,1689
96,9021,1,1484
97,8939,1,1217
98,7758,1,1735
99,10068,1,2324
100,7942,1,733
101,7786,1,1687
102,8075,1,2196
103,8248,1,101
104,8700,1,638
105,10459,1,2207
106,10077,1,2799
107,7730,1,294
108,7964,1,701
109,7583,1,276
110,8083,1,1166
111,7633,1,1763
112,8830,1,2386
113,8226,1,2580
114,9040,1,97
115,9111,1,2039
116,10350,1,794
117,10221,1,1484
118,8890,1,2737
119,8155,1,311
120,9548,1,1183
121,8554,1,735
122,9344,1,1373
123,7468,1,725
124,8050,1,1199
125,8200,1,972
126,9424,1,1313
127,7753,1,1689
128,8226,1,2970
129,11047,1,1646
130,8612,1,3006
131,8407,1,2165
132,9089,1,1072
133,9085,1,152
134,9625,1,2852
135,8393,1,1564
136,8726,1,2129
137,9066,1,2224
138,7404,1,2963
139,9084,1,2378
140,9171,1,492
141,8530,1,307
142,8714,1,1687
143,8472,1,1529
144,8762,1,641
145,8582,1,166
146,9554,1,1042
147,9456,1,179
148,9094,1,1384
149,9187,1,2706
150,8974,1,1735
151,7618,1,1121
152,9317,1,389
153,8979,1,2747
154,7899,1,411
155,8008,1,1477
156,9173,1,1582
157,8988,1,1605
158,8532,1,929
159,9475,1,2093
160,8498,1,1121
161,8283,1,3025
162,8929,1,1842
163,8487,1,675
164,8481,1,1537
165,8454,1,2741
166,8736,1,1718
167,7809,1,1690
168,8464,1,703
169,7617,1,2919
170,8660,1,1245
171,8302,1,1824
172,9592,1,490
173,7926,1,1626
174,9727,1,2593
175,7681,1,2217
176,10353,1,2508
177,11501,1,1773
178,8946,1,307
179,6870,1,1003
180,8196,1,969
181,7555,1,1257
182,8259,1,1812
183,9072,1,160
184,7741,1,2596
185,7487,1,693
186,8065,1,905
187,7880,1,407
188,8595,1,2385
189,8358,1,497
190,7130,1,2937
191,7924,1,21
192,8268,1,3049
193,6958,1,1227
194,8000,1,742
195,7782,1,2316
196,8744,1,1290
197,8776,1,2103
198,9252,1,2017
199,8563,1,1703
200,9535,1,357
201,9373,1,81
202,8479,1,2418
203,8144,1,1542
204,8362,1,2422
205,8704,1,1682
206,8615,1,346
207,8536,1,85
208,8116,1,2769
209,9256,1,2033
210,7571,1,802
211,8144,1,712
212,8582,1,1694
213,8125,1,1325
214,7865,1,2969
215,7200,1,1895
216,8865,1,2085
217,7898,1,1324
218,9099,1,809
219,8748,1,594
220,8407,1,1623
221,8575,1,1864
222,9012,1,689
223,10288,1,97
224,8351,1,1937
225,8792,1,971
226,8403,1,1569
227,8439,1,346
228,9118,1,3021
229,8905,1,1341
230,9187,1,2947
231,7747,1,492
232,11860,1,629
233,9231,1,1209
234,8270,1,2804
235,9376,1,1734
236,8487,1,2834
237,6914,1,2280
238,8974,1,2934
239,10065,1,1648
240,8770,1,1641
241,9219,1,1790
242,9985,1,630
243,8743,1,1214
244,8852,1,2826
245,8308,1,2791
246,8766,1,1695
247,9234,1,206
248,8242,1,46
249,9071,1,1129
250,9356,1,725
251,8259,1,535
252,8666,1,2082
253,7737,1,2637
254,9430,1,1427
255,8054,1,717
256,8100,1,729
257,7280,1,387
258,7861,1,2785
259,10787,1,2383
260,7736,1,8
261,7922,1,1834
262,11284,1,775
263,8252,1,1183
264,9152,1,1581
265,8531,1,2955
266,8132,1,2501
267,9752,1,405
268,8212,1,1107
269,10568,1,2334
270,8043,1,1037
271,8380,1,1417
272,8457,1,927
273,8329,1,686
274,7682,1,566
275,10337,1,2849
276,9129,1,1341
277,7930,1,1757
278,8609,1,2951
279,9226,1,1969
280,8321,1,719
281,9467,1,2685
282,7924,1,722
283,7802,1,603
284,7816,1,2729
285,7992,1,1142
286,9299,1,1993
287,11804,1,673
288,8070,1,1419
289,8893,1,2360
290,9660,1,1500
291,7577,1,2638
292,8002,1,1398
293,8354,1,395
294,7782,1,1419
295,10372,1,2512
296,8815,1,2183
297,8375,1,924
298,7016,1,2003
299,9232,1,1753
300,8362,1,181
301,10365,1,2555
302,8586,1,292
303,8309,1,2628
304,8605,1,81
305,7916,1,554
306,9228,1,2594
307,8687,1,1937
308,8803,1,574
309,7871,1,3059
310,7263,1,2458
311,7662,1,41
312,7562,1,237
313,7179,1,2887
314,9986,1,1149
315,11301,1,2156
316,9083,1,1263
317,7862,1,241
318,8284,1,103
319,8364,1,406
320,9109,1,3019
321,7494,1,1610
322,8616,1,2568
323,10120,1,825
324,9846,1,241
325,8892,1,1513
326,7975,1,281
327,8273,1,2726
328,9350,1,1828
329,9209,1,952
330,7679,1,1702
331,9053,1,1484
332,8010,1,1857
333,8179,1,2091
334,7789,1,2051
335,8173,1,1150
336,9431,1,1390
337,7817,1,1092
338,8559,1,1568
339,8245,1,2490
340,8024,1,658
341,9837,1,155
342,9070,1,1731
343,9701,1,2483
344,8291,1,454
345,8128,1,1045
346,9637,1,2302
347,8352,1,1821
348,8728,1,1518
349,7735,1,2200
350,9104,1,712
351,8121,1,1789
352,9497,1,39
353,9128,1,2103
354,9808,1,718
355,8603,1,2985
356,8376,1,2746
357,8937,1,1689
358,8579,1,1985
359,9879,1,947
360,7631,1,931
361,7617,1,2492
362,8306,1,1199
363,8792,1,1119
364,8219,1,874
365,7884,1,1287
366,8544,1,1777
367,9581,1,945
368,8618,1,1671
369,7702,1,1963
370,9226,1,2565
371,8471,1,2938
372,8048,1,663
373,10044,1,683
374,8049,1,2951
375,8966,1,7
376,9202,1,329
377,8415,1,2210
378,8165,1,1715
379,9458,1,1109
380,9010,1,2253
381,7320,1,989
382,9131,1,762
383,7843,1,563
384,8520,1,1570
385,11114,1,1527
386,10041,1,2301
387,10022,1,447
388,9217,1,1992
389,9529,1,1945
390,8857,1,2962
391,9097,1,509
392,8286,1,187
393,7921,1,3060
394,7796,1,1107
395,8866,1,1971
396,9410,1,2629
397,9314,1,2668
398,7327,1,1079
399,8526,1,607
400,9468,1,2500
401,8223,1,425
402,8825,1,1727
403,8896,1,413
404,8034,1,565
405,10216,1,1235
406,9559,1,2293
407,9206,1,2499
408,8022,1,983
409,8137,1,1789
410,9020,1,1761
411,8927,1,209
412,8731,1,2781
413,8659,1,1569
414,9270,1,699
415,10133,1,474
416,9296,1,43
417,10621,1,2663
418,7942,1,3027
419,8955,1,3009
420,8551,1,2401
421,8340,1,1283
422,8283,1,2250
423,7767,1,976
424,9030,1,2709
425,8555,1,1875
426,8363,1,1126
427,8298,1,1527
428,8994,1,2064
429,8006,1,1630
430,7770,1,567
431,8737,1,471
432,10080,1,2735
433,9353,1,2301
434,8404,1,841
435,9388,1,2049
436,7973,1,2483
437,8112,1,2954
438,8608,1,1718
439,7996,1,701
440,8896,1,1895
441,8169,1,1389
442,8540,1,2468
443,8621,1,2220
444,7713,1,354
445,9663,1,2661
446,7946,1,397
447,8445,1,1112
448,8076,1,1207
449,8193,1,625
450,9133,1,2681
451,8783,1,807
452,13078,1,587
453,7763,1,2691
454,8738,1,2287
455,8902,1,1481
456,7708,1,1717
457,8279,1,2308
458,9476,1,236
459,8772,1,2752
460,8053,1,2485
461,9255,1,1132
462,7757,1,2663
463,9172,1,420
464,9134,1,2386
465,7487,1,1219
466,10002,1,1080
467,10160,1,2100
468,9627,1,2216
469,8326,1,2181
470,9799,1,1678
471,10828,1,1429
472,9366,1,2835
473,8048,1,961
474,7393,1,481
475,7864,1,2284
476,9244,1,1513
477,8196,1,2734
478,9259,1,1528
479,10924,1,2098
480,10352,1,2330
481,8268,1,2594
482,8498,1,2035
483,8112,1,1366
484,8658,1,293
485,8229,1,261
486,8170,1,143
487,9656,1,1562
488,11312,1,2047
489,8954,1,1877
490,9860,1,205
491,7912,1,2228
492,8200,1,971
493,7760,1,835
494,8621,1,2627
495,8290,1,647
496,8208,1,1821
497,8240,1,547
498,9670,1,1383
499,8815,1,2418
500,8192,1,2018
501,7545,1,2911
502,7901,1,175
503,7626,1,212
504,8092,1,2677
505,9476,1,525
506,8421,1,2521
507,8764,1,899
508,8503,1,1787
509,7227,2,1441;1469
510,8181,1,736
511,9233,1,2986
512,8908,1,834
513,8820,1,2439
514,9250,1,1301
515,8276,1,423
516,9088,1,3004
517,7549,1,2935
518,9201,1,2243
519,8405,1,707
520,8828,1,1207
521,8693,1,2184
522,9677,1,934
523,9071,1,1031
524,7308,1,2378
525,8322,1,2037
526,8499,1,245
527,9166,1,981
528,7942,1,1279
529,9094,1,2461
530,10827,1,3025
531,8989,1,935
532,10057,1,2001
533,9119,1,140
534,8243,1,1087
535,8908,1,910
536,9439,1,2897
537,7920,1,2434
538,7636,1,351
539,9122,1,2094
540,9025,1,1631
541,9640,1,2493
542,8718,1,1707
543,6868,1,1376
544,8358,1,1909
545,9692,1,221
546,7524,1,2297
547,9762,1,374
548,8103,1,1208
549,7074,1,378
550,8602,1,1539
551,8493,1,2573
552,8205,1,424
553,7644,1,1797
554,8278,1,17
555,7487,1,2274
556,8257,1,71
557,8580,1,2154
558,9215,1,1219
559,8375,1,1377
560,9455,1,838
561,10054,1,1502
562,7477,1,799
563,7926,1,2853
564,7711,1,1830
565,8152,1,3048
566,8299,1,1748
567,8704,1,97
568,8728,1,1271
569,9016,1,1133
570,9237,1,655
571,8662,1,27
572,7929,1,2763
573,8790,1,2269
574,9516,1,2307
575,7713,1,469
576,7071,1,3007
577,8427,1,740
578,9087,1,140
579,8873,1,2870
580,9065,1,927
581,8748,1,1326
582,10248,1,2061
583,8673,1,11
584,9771,1,1603
585,8533,1,2479
586,9947,1,1223
587,9174,1,1419
588,8604,1,1169
589,8805,1,2773
590,9256,1,1343
591,9272,1,1698
592,9216,1,2011
593,8484,1,531
594,8760,1,2142
595,8790,1,447
596,8889,1,2143
597,8868,1,1245
598,8340,1,1063
599,9345,1,873
600,9974,1,1538
601,8669,1,1873
602,8123,1,2158
603,8848,1,147
604,10412,1,1794
605,9309,1,444
606,8494,1,601
607,8046,1,793
608,7767,1,852
609,8899,1,2549
610,8265,1,65
611,8696,1,371
612,9156,1,783
613,8576,1,1911
614,8907,1,1025
615,7946,1,2609
616,7987,1,1257
617,7858,1,470
618,9738,1,2744
619,8323,1,2115
620,8164,1,351
621,7440,1,1954
622,8444,1,834
623,7025,1,1631
624,9146,1,2607
625,7860,1,1552
626,8947,1,2833
627,8260,1,2949
628,9697,1,1690
629,9487,1,2456
630,8858,1,2565
631,8520,1,2377
632,8832,1,2020
633,7891,1,1708
634,9607,1,347
635,7396,1,747
636,8427,1,1737
637,8110,1,664
638,8595,1,2706
639,8731,1,2557
640,7737,1,691
641,9220,1,1984
642,13079,1,1575
643,8432,1,1581
644,7741,1,1170
645,10000,1,387
646,9408,1,2311
647,8699,1,2511
648,9195,1,1509
649,8884,1,2733
650,10408,1,8
651,9351,1,2927
652,9636,1,2757
653,8712,1,909
654,8342,1,381
655,7652,1,3042
656,8042,1,503
657,7688,1,2978
658,8712,1,2015
659,8001,1,2767
660,8266,1,1823
661,8690,1,2530
662,7390,1,171
663,8367,1,2338
664,9256,1,2613
665,9007,1,648
666,8246,1,7
667,7483,1,1950
668,9614,1,1695
669,8500,1,2501
670,8216,1,1917
671,8711,1,1136
672,7631,1,105
673,8619,1,1463
674,8368,1,549
675,8450,1,2778
676,9029,1,389
677,9743,1,1100
678,9229,1,935
679,8897,1,433
680,9485,1,81
681,9227,1,1523
682,9908,1,3042
683,8940,1,1287
684,7367,1,2058
685,9319,1,2878
686,8612,1,236
687,10585,1,2763
688,9547,1,913
689,8819,1,2093
690,8108,1,103
691,7755,1,2876
692,8435,1,887
693,8121,1,1495
694,9675,1,1037
695,9090,1,1941
696,8362,1,2121
697,8199,1,947
698,9354,1,2851
699,7853,1,681
700,8958,1,627
701,9524,1,495
702,7717,1,657
703,7933,1,2051
704,9764,1,929
705,7377,1,2296
706,8910,1,2816
707,9633,1,453
708,10026,1,567
709,9462,1,1383
710,8147,1,1813
711,9979,1,1803
712,9087,1,1339
713,7893,1,2235
714,8645,1,1625
715,8440,1,1965
716,8058,1,512
717,9882,1,430
718,7951,1,2271
719,9930,1,503
720,8125,1,2839
721,8164,1,1212
722,8549,1,2156
723,9053,1,213
724,8371,1,264
725,7748,1,1000
726,8092,1,725
727,9270,1,1194
728,8580,1,1107
729,7896,1,1235
730,8628,1,775
731,8086,1,780
732,7924,1,1108
733,8924,1,2428
734,9207,1,1317
735,7486,1,794
736,8594,1,318
737,8335,1,2902
738,10392,1,971
739,8303,1,1568
740,8329,1,2830
741,10106,1,1639
742,9311,1,1869
743,8374,1,527
744,9802,1,1375
745,8410,1,735
746,13147,1,2727
747,9440,1,1829
748,9621,1,1715
749,9856,1,2328
750,10599,1,926
751,7212,1,1849
752,9519,1,1779
753,9473,1,873
754,8774,1,412
755,7800,1,85
756,8283,1,1104
757,7798,1,70
758,7583,1,1519
759,7752,1,20
760,9628,1,3062
761,8844,1,221
762,8323,1,2093
763,8059,1,349
764,10125,1,334
765,7618,1,2722
766,7921,1,1311
767,8298,1,738
768,9575,1,1759
769,8162,1,1711
770,7206,1,2893
771,7690,1,1845
772,8043,1,1345
773,8141,1,155
774,7960,1,2775
775,8816,1,97
776,8173,1,764
777,8106,1,2524
778,7389,1,2555
779,8897,1,1919
780,8704,1,2491
781,8167,1,1103
782,7849,1,1135
783,8170,1,1687
784,7422,1,1685
785,10168,1,860
786,9808,1,2330
787,9873,1,1173
788,8852,1,361
789,9281,1,1158
790,8930,1,1520
791,8796,1,2378
792,8909,1,1959
793,11434,1,539
794,8555,1,1748
795,9483,1,1433
796,8699,1,1645
797,9513,1,1643
798,8167,1,1729
799,9066,1,1539
800,9167,1,769
801,7749,1,2497
802,9306,1,2289
803,8744,1,101
804,8170,1,1539
805,8540,1,2513
806,8658,1,677
807,8349,1,391
808,8131,1,1790
809,9905,1,1165
810,8544,1,715
811,8490,1,2642
812,8709,1,1320
813,8202,1,1671
814,8787,1,2091
815,8454,1,1616
816,8032,1,310
817,7811,1,1790
818,8064,1,263
819,7836,1,2025
820,10138,1,2801
821,8668,1,1274
822,8783,1,2902
823,8399,1,87
824,9083,1,1775
825,8512,1,43
826,7590,1,2635
827,8495,1,599
828,7501,1,391
829,8062,1,2403
830,10488,1,1553
831,8336,1,491
832,7692,1,1247
833,7948,1,250
834,8358,1,2097
835,8915,1,901
836,8772,1,1245
837,8193,1,518
838,7525,1,2874
839,7485,1,942
840,9053,1,188
841,7144,1,972
842,8940,1,1749
843,8090,1,398
844,8885,1,933
845,8138,1,1599
846,8614,1,2268
847,9150,1,950
848,7550,1,981
849,8665,1,1089
850,7841,1,1820
851,8890,1,1539
852,8654,1,1286
853,8504,1,2228
854,7817,1,763
855,8266,1,109
856,9823,1,1862
857,8658,1,293
858,8014,1,118
859,9869,1,124
860,8126,1,2921
861,8587,1,1469
862,8433,1,441
863,8008,1,1439
864,9549,1,2663
865,8397,1,2935
866,9238,1,1383
867,8465,1,483
868,7893,1,1784
869,8346,1,708
870,9366,1,573
871,8555,1,1021
872,9324,1,2215
873,8705,1,102
874,8461,1,2220
875,8631,1,2927
876,9213,1,138
877,9676,1,1363
878,7714,1,2807
879,8431,1,1869
880,8318,1,1358
881,7901,1,678
882,9674,1,2751
883,8660,1,2733
884,9451,1,1147
885,9530,1,2851
886,8524,1,1276
887,9429,1,1667
888,8694,1,2218
889,9266,1,206
890,9013,1,2184
891,8487,1,2355
892,8593,1,1165
893,9233,1,1071
894,7760,1,1
895,9017,1,2301
896,10016,1,485
897,8802,1,1677
898,9239,1,2623
899,7879,1,217
900,8079,1,1918
901,9079,1,1933
902,8293,1,736
903,8617,1,2411
904,9035,1,2781
905,8278,1,717
906,7364,1,590
907,8184,1,1699
908,10600,1,2015
909,8337,1,453
910,9364,1,865
911,8825,1,2577
912,7665,1,306
913,8292,1,1635
914,9404,1,1659
915,8412,1,2500
916,8913,1,583
917,9390,1,1531
918,9152,1,955
919,8122,1,2960
920,9270,1,1285
921,8714,1,1989
922,8434,1,565
923,8065,1,190
924,8484,1,2826
925,7772,1,2378
926,9355,1,393
927,8665,1,2740
928,8159,1,1058
929,7643,1,2399
930,10982,1,2741
931,9167,1,1079
932,7938,1,2046
933,7660,1,848
934,8154,1,2400
935,8504,1,2021
936,8254,1,3053
937,7963,1,1860
938,8929,1,3043
939,8512,1,2259
940,8808,1,2606
941,7981,1,2402
942,10496,1,955
943,7858,1,470
944,9313,1,2980
945,9139,1,1310
946,8188,1,141
947,8035,1,321
948,7832,1,2142
949,8637,1,1309
950,7859,1,1494
951,9014,1,2336
952,8524,1,980
953,7776,1,3065
954,9078,1,573
955,8549,1,2516
956,8219,1,3025
957,9334,1,2683
958,7669,1,2603
959,8345,1,2667
960,8550,1,17
961,8679,1,2842
962,8029,1,1360
963,9069,1,1325
964,7159,1,943
965,8144,1,2954
966,9737,1,2310
967,8839,1,1490
968,8279,1,1171
969,9619,1,887
970,7923,1,321
971,9347,1,9
972,8766,1,2699
973,8781,1,1964
974,10112,1,1466
975,8375,1,2639
976,8241,1,1165
977,9075,1,422
978,9617,1,873
979,8942,1,2162
980,7439,1,1129
981,7090,1,315
982,8716,1,871
983,9207,1,1994
984,9896,1,541
985,8404,1,2317
986,7926,1,2635
987,9097,1,1436
988,9403,1,1603
989,8492,1,2307
990,8219,1,478
991,7115,1,287
992,8167,1,284
993,10322,1,1397
994,9175,1,1277
995,9106,1,369
996,7954,1,206
997,7064,1,2746
998,10245,1,2785
999,8022,1,1347
1000,8577,1,2445
1001,8095,1,1453
1002,8330,1,814
1003,8412,1,3049
1004,7957,1,2976
1005,8650,1,1197
1006,8938,1,567
1007,10395,1,1950
1008,7637,1,399
1009,8614,1,2347
1010,8755,1,2383
1011,8554,1,1122
1012,8289,1,1342
1013,9560,1,2930
1014,8326,1,2087
1015,7755,1,806
1016,8730,1,1122
1017,10777,1,605
1018,8243,1,1651
1019,8377,1,2870
1020,9519,1,2532
1021,8939,1,459
1022,8831,1,745
1023,7856,1,2590
1024,10813,1,2029
1025,8366,1,601
1026,9143,1,2654
1027,9318,1,2097
1028,6988,1,222
1029,9820,1,2025
1030,9033,1,1837
1031,7885,1,2257
1032,8487,1,1896
1033,10069,1,2521
1034,9598,1,402
1035,8937,1,2000
1036,8538,1,641
1037,7631,1,1357
1038,9226,1,2013
1039,8175,1,96
1040,10105,1,2379
1041,8858,1,115
1042,8154,1,2607
1043,8094,1,2496
1044,7564,1,2547
1045,8471,1,1205
1046,8109,1,1484
1047,8867,1,2955
1048,8632,1,2805
1049,8819,1,1614
1050,8221,1,1958
1051,8267,1,1433
1052,9107,1,2059
1053,8778,1,2788
1054,8233,1,1011
1055,8558,1,1793
1056,9135,1,1507
1057,8274,1,772
1058,8370,1,2778
1059,9623,1,1103
1060,9568,1,387
1061,8484,1,969
1062,8880,1,1218
1063,7518,1,1948
1064,8967,1,864
1065,8310,1,2825
1066,9335,1,1291
1067,9802,1,1550
1068,10271,1,1809
1069,8191,1,317
1070,8556,1,1749
1071,7425,1,1312
1072,7804,1,1215
1073,8135,1,1729
1074,9097,1,2787
1075,8946,1,2387
1076,7740,1,1101
1077,8572,1,2378
1078,7707,1,1991
1079,8492,1,223
1080,8841,1,1089
1081,9094,1,755
1082,8370,1,2046
1083,8776,1,1442
1084,7728,1,2748
1085,8529,1,354
1086,6964,1,1376
1087,7803,1,1775
1088,8661,1,2166
1089,8950,1,7
1090,9448,1,832
1091,9301,1,145
1092,7651,1,2884
1093,7822,1,2620
1094,9399,1,135
1095,7797,1,2773
1096,8138,1,2758
1097,8293,1,1387
1098,8445,1,372
1099,8912,1,416
1100,7723,1,1748
1101,9378,1,1941
1102,8597,1,342
1103,9470,1,2941
1104,7780,1,722
1105,9857,1,2286
1106,8261,1,2957
1107,8919,1,2623
1108,7714,1,765
1109,8939,1,2643
1110,7963,1,645
1111,8856,1,371
1112,8943,1,807
1113,7737,1,1727
1114,9334,1,2973
1115,8839,1,182
1116,10523,1,620
1117,9265,1,125
1118,8013,1,213
1119,8038,1,355
1120,7688,1,2775
1121,8625,1,1551
1122,9023,1,1937
1123,9895,1,1646
1124,8518,1,1054
1125,8324,1,1405
1126,9289,1,1244
1127,8401,1,1537
1128,8236,1,2273
1129,8058,1,2394
1130,8903,1,373
1131,8892,1,1761
1132,8724,1,2618
1133,8677,1,811
1134,8963,1,937
1135,7690,1,2524
1136,9392,1,1895
1137,8083,2,1812;2679
1138,8727,1,2293
1139,8750,1,633
1140,8477,1,2627
1141,8179,1,1569
1142,8561,1,2616
1143,8263,1,2623
1144,8715,1,2467
1145,8042,1,562
1146,8429,1,2455
1147,8386,1,395
1148,8602,1,1437
1149,7856,1,835
1150,7867,1,2543
1151,7890,1,2046
1152,8453,1,1237
1153,8620,1,3049
1154,8169,1,2471
1155,7075,1,1614
1156,9060,1,1901
1157,8613,1,2689
1158,8766,1,139
1159,8639,1,599
1160,7845,1,650
1161,7800,1,1295
1162,9041,1,1165
1163,9063,1,926
1164,9647,1,276
1165,9509,1,130
1166,8906,1,2883
1167,10345,1,1426
1168,9102,1,2967
1169,9355,1,2207
1170,9881,1,709
1171,8153,1,34
1172,8710,1,1019
1173,7426,1,2514
1174,8850,1,1979
1175,9767,1,2888
1176,8302,1,3055
1177,7968,1,51
1178,8079,1,1910
1179,9959,1,1077
1180,9249,1,2238
1181,8621,1,1038
1182,9439,1,2995
1183,8975,1,1640
1184,7587,1,312
1185,8537,1,1837
1186,7919,1,2584
1187,8771,1,2211
1188,8765,1,1484
1189,7014,1,2714
1190,9225,1,1436
1191,8517,1,3044
1192,7467,1,3052
1193,8078,1,1986
1194,9780,1,1063
1195,8576,1,862
1196,7377,1,1198
1197,7988,1,2826
1198,7946,1,1846
1199,7916,1,1953
1200,8417,1,1423
1201,8497,1,1289
1202,8303,1,1141
1203,8185,1,427
1204,9906,1,1185
1205,9118,1,2417
1206,8973,1,3071
1207,8346,1,1306
1208,7996,1,2176
1209,8049,1,2286
1210,8199,1,575
1211,8306,1,593
1212,10192,1,2397
1213,9254,1,3047
1214,8123,1,345
1215,8952,1,2099
1216,7795,1,1117
1217,9906,1,1532
1218,7806,1,253
1219,7867,1,2222
1220,10127,1,1560
1221,9521,1,1071
1222,8274,1,1987
1223,9997,1,391
1224,7479,1,2654
1225,8795,1,3025
1226,8021,1,1315
1227,8366,1,505
1228,7443,1,831
1229,8054,1,1003
1230,8853,1,2490
1231,9448,1,541
1232,9994,1,1823
1233,8972,1,2739
1234,8849,1,905
1235,8494,1,1571
1236,10055,1,2437
1237,8618,1,2961
1238,8966,1,733
1239,8321,1,3060
1240,7329,1,11
1241,8814,1,981
1242,7398,1,893
1243,9101,1,1913
1244,8472,1,989
1245,8612,1,2582
1246,9384,1,1119
1247,8924,1,2739
1248,8100,1,351
1249,9172,1,1984
1250,8319,1,2265
1251,8662,1,1019
1252,8306,1,1774
1253,7766,1,757
1254,8815,1,2271
1255,8366,1,1349
1256,8772,1,2501
1257,9459,1,1927
1258,9008,1,417
1259,9979,1,1139
1260,8139,1,2854
1261,7980,1,50
1262,8509,1,2220
1263,9762,1,2650
1264,8328,1,2202
1265,8583,1,1729
1266,7839,1,891
1267,7670,1,853
1268,7815,1,947
1269,7935,1,3068
1270,7650,1,2610
1271,8520,1,552
1272,8291,1,1464
1273,9170,1,1121
1274,9491,1,2231
1275,9773,1,391
1276,8930,1,2022
1277,10175,1,1129
1278,7768,1,2329
1279,8163,1,421
1280,10317,1,1873
1281,7765,1,811
1282,8247,1,1086
1283,9229,1,1913
1284,7545,1,2852
1285,8793,1,49
1286,8618,1,2121
1287,8521,1,1564
1288,9129,1,2019
1289,8028,1,1471
1290,7657,1,691
1291,8288,1,403
1292,7582,1,607
1293,8315,1,2222
1294,7493,1,399
1295,7615,1,2812
1296,7534,1,816
1297,8965,1,409
1298,10086,1,2351
1299,7247,1,1702
1300,7292,1,1471
1301,8039,1,2772
1302,9554,1,60
1303,10371,1,348
1304,8871,1,1722
1305,10161,1,3043
1306,8389,1,2976
1307,8952,1,618
1308,9441,1,453
1309,8940,1,1111
1310,8160,1,1988
1311,7677,1,334
1312,7117,1,529
1313,7854,1,1973
1314,8240,1,1613
1315,9850,1,13
1316,7810,1,1532
1317,8844,1,324
1318,8851,1,454
1319,7568,1,2106
1320,8615,1,2401
1321,8502,1,1383
1322,8258,1,308
1323,9071,1,745
1324,8631,1,2401
1325,8184,1,2686
1326,10088,1,552
1327,8258,1,596
1328,7369,1,2000
1329,7553,1,385
1330,8144,1,668
1331,10336,1,2735
1332,9021,1,1607
1333,7638,1,527
1334,8834,1,2266
1335,9545,1,2670
1336,7921,1,1992
1337,8449,1,2984
1338,8457,1,2169
1339,8447,1,1219
1340,7519,1,931
1341,8758,1,2053
1342,7451,1,996
1343,9472,1,1681
1344,8865,1,713
1345,8514,1,1397
1346,8871,1,2623
1347,7725,1,2431
1348,8651,1,2180
1349,8473,1,34
1350,9741,1,42
1351,8435,1,1621
1352,8787,1,606
1353,7784,1,2199
1354,11278,1,189
1355,8954,1,2851
1356,8304,1,911
1357,10145,1,1970
1358,9177,1,1945
1359,7921,1,2945
1360,7461,1,399
1361,8698,1,1639
1362,7805,1,1153
1363,8924,1,1549
1364,10219,1,1025
1365,8157,1,213
1366,8101,1,2785
1367,8288,1,3065
1368,7249,1,2919
1369,8161,1,441
1370,9151,1,1573
1371,7602,1,2258
1372,8091,1,609
1373,8625,1,1311
1374,8779,1,287
1375,8529,1,483
1376,9178,1,1473
1377,9440,1,1821
1378,9056,1,2145
1379,8913,1,33
1380,7322,1,2751
1381,11485,1,2859
1382,8154,1,1757
1383,8004,1,2324
1384,9536,1,1218
1385,7946,1,920
1386,8953,1,1837
1387,8075,1,2685
1388,9132,1,2378
1389,8416,1,1682
1390,7101,1,2996
1391,9287,1,1868
1392,7494,1,1656
1393,8537,1,2379
1394,8497,1,990
1395,7886,1,69
1396,9077,1,1724
1397,8120,1,74
1398,8929,1,2148
1399,9143,1,1059
1400,10886,1,1231
1401,8896,1,1366
1402,8636,1,1659
1403,8660,1,332
1404,9696,1,387
1405,8293,1,657
1406,9560,1,1949
1407,8126,1,744
1408,9713,1,2767
1409,7409,1,2270
1410,7110,1,1356
1411,8358,1,1356
1412,7946,1,1969
1413,7109,1,2153
1414,9071,1,2593
1415,8336,1,1308
1416,8437,1,2689
1417,7913,1,1643
1418,7713,1,2951
1419,7367,1,1445
1420,9124,1,1212
1421,11446,1,1179
1422,8825,1,1510
1423,10115,1,2526
1424,8155,1,620
1425,8035,1,1927
1426,9240,1,371
1427,8303,1,599
1428,8649,1,2065
1429,8314,1,2609
1430,7742,1,187
1431,9265,1,1289
1432,8694,1,1419
1433,8834,1,1730
1434,8615,1,2005
1435,9688,1,2103
1436,8030,1,644
1437,7684,1,866
1438,8671,1,2782
1439,11774,1,2779
1440,9506,1,2778
1441,8094,1,2425
1442,7333,1,1319
1443,8832,1,1620
1444,7721,1,1564
1445,9129,1,365
1446,9297,1,2767
1447,7980,1,250
1448,7243,1,2854
1449,7935,1,87
1450,7508,1,302
1451,8641,1,2616
1452,9576,1,1361
1453,8191,1,1534
1454,8994,1,823
1455,8359,1,1374
1456,9724,1,1007
1457,8256,1,2486
1458,9687,1,1086
1459,8297,1,2783
1460,8088,1,2914
1461,8256,1,2866
1462,9530,1,2565
1463,8827,1,1065
1464,7976,1,2255
1465,9903,1,87
1466,7645,1,1484
1467,9057,1,1842
1468,8725,1,1315
1469,8533,1,2527
1470,7956,1,495
1471,9396,1,2324
1472,9084,1,2500
1473,9377,1,453
1474,9111,1,2193
1475,9155,1,2091
1476,8872,1,1477
1477,8348,1,1207
1478,8948,1,2702
1479,8809,1,988
1480,8391,1,1915
1481,8810,1,2755
1482,9117,1,2573
1483,8942,1,2761
1484,8036,1,1392
1485,9416,1,1049
1486,8639,1,3007
1487,9229,1,372
1488,9542,1,178
1489,8166,1,853
1490,8371,1,2526
1491,9982,1,1811
1492,7855,1,838
1493,6746,1,1539
1494,8518,1,587
1495,9271,1,1422
1496,10643,1,2385
1497,9466,1,2123
1498,9782,1,7
1499,7474,1,543
1500,10065,1,481
1501,7918,1,2232
1502,9253,1,2920
1503,9291,1,1509
1504,8364,1,458
1505,8026,1,2537
1506,9141,1,145
1507,8269,1,2651
1508,8206,1,1707
1509,7373,1,2469
1510,8635,1,1126
1511,9090,1,2089
1512,8443,1,1536
1513,10125,1,2298
1514,7744,1,2328
1515,7216,1,930
1516,9152,1,1308
1517,8217,1,2518
1518,8778,1,1305
1519,10228,1,747
1520,8111,1,1425
1521,9388,1,1326
1522,8110,1,1095
1523,7879,1,1249
1524,8277,1,1110
1525,8547,1,1266
1526,9234,1,2009
1527,8694,1,2264
1528,10024,1,2061
1529,11188,1,1984
1530,9271,1,949
1531,8443,1,1147
1532,9662,1,1543
1533,7968,1,56
1534,7259,1,311
1535,7761,1,2213
1536,10053,1,1327
1537,7931,1,478
1538,8851,1,197
1539,8935,1,2623
1540,9526,1,2269
1541,8176,1,2953
1542,10026,1,1305
1543,9680,1,1308
1544,9731,1,1939
1545,6975,1,1189
1546,8148,1,2023
1547,7786,1,2869
1548,7693,1,2996
1549,8853,1,2479
1550,8680,1,2033
1551,8684,1,2806
1552,6774,1,2320
1553,10002,1,1121
1554,9509,1,1110
1555,7980,1,2547
1556,8790,1,1285
1557,9986,1,2807
1558,8698,1,1580
1559,8283,1,2450
1560,9243,1,507
1561,9204,1,2949
1562,8807,1,2840
1563,9430,1,3033
1564,8383,1,1180
1565,8110,1,1260
1566,9929,1,2962
1567,7875,1,2867
1568,9319,1,947
1569,7890,1,2354
1570,8259,1,2731
1571,8580,1,2728
1572,8582,1,1923
1573,7873,1,1035
1574,7890,1,1834
1575,7806,1,2934
1576,8091,1,2854
1577,8566,1,853
1578,8292,1,895
1579,7169,1,1127
1580,8798,1,2641
1581,8890,1,1857
1582,7763,1,1812
1583,9467,1,1178
1584,8640,1,79
1585,9862,1,2453
1586,7725,1,2251
1587,8845,1,1873
1588,11175,1,487
1589,7703,1,1854
1590,8980,1,1382
1591,8816,1,2735
1592,7635,1,790
1593,7619,1,582
1594,8256,1,2328
1595,8434,1,369
1596,9042,1,2890
1597,8427,1,996
1598,7164,1,871
1599,7661,1,1146
1600,8350,1,2112
1601,8883,1,2693
1602,8570,1,1801
1603,7427,1,1874
1604,8202,1,1687
1605,8112,1,79
1606,8864,1,1861
1607,7951,1,931
1608,9542,1,1248
1609,8709,1,389
1610,7670,1,527
1611,9654,1,983
1612,8201,1,2763
1613,8330,1,1004
1614,8206,1,1793
1615,7282,1,628
1616,7799,1,924
1617,9086,1,5
1618,7461,1,249
1619,10996,1,865
1620,8764,1,2215
1621,10279,1,1445
1622,8254,1,601
1623,8954,1,2961
1624,8215,1,1205
1625,10043,1,809
1626,10155,1,2727
1627,8609,1,1311
1628,9059,1,887
1629,8663,1,1591
1630,9715,1,2947
1631,7948,1,2513
1632,8340,1,1984
1633,7794,1,2290
1634,8265,1,2577
1635,9499,1,1748
1636,8303,1,317
1637,7832,1,2494
1638,8543,1,2338
1639,8211,1,439
1640,7989,1,2497
1641,7601,1,637
1642,9267,1,1117
1643,8282,1,3024
1644,8312,1,1553
1645,7117,1,372
1646,8744,1,201
1647,8695,1,2546
1648,8464,1,1542
1649,9281,1,401
1650,7771,1,1509
1651,8075,1,411
1652,7106,1,1633
1653,9068,1,2205
1654,8497,1,612
1655,10064,1,1001
1656,9644,1,1438
1657,7954,1,35
1658,7844,1,895
1659,8519,1,2931
1660,8098,1,2580
1661,7698,1,656
1662,8282,1,641
1663,7704,1,247
1664,9735,1,864
1665,8295,1,1249
1666,8003,1,2383
1667,8791,1,2457
1668,9544,1,37
1669,8166,1,218
1670,8163,1,636
1671,8205,1,2237
1672,8125,1,188
1673,8328,1,850
1674,8994,2,543;571
1675,7440,1,387
1676,10670,1,1973
1677,7866,1,143
1678,8233,1,1995
1679,10111,1,2713
1680,8564,1,2618
1681,8586,1,115
1682,8852,1,629
1683,7722,1,2737
1684,9591,1,1905
1685,7846,1,218
1686,8686,1,1358
1687,8138,1,2013
1688,9386,1,1767
1689,10918,1,757
1690,8959,1,1563
1691,8553,1,288
1692,9144,1,371
1693,10239,1,1219
1694,8817,1,1177
1695,8826,1,2631
1696,10095,1,2532
1697,9950,1,744
1698,9180,1,1761
1699,10024,1,2649
1700,9008,1,417
1701,8676,1,21
1702,9104,1,1609
1703,9502,1,1113
1704,8989,1,2554
1705,9854,1,5
1706,8172,1,1765
1707,8102,1,2083
1708,8863,1,2895
1709,8313,1,2353
1710,8966,1,412
1711,9395,1,61
1712,9007,1,3020
1713,8351,1,2661
1714,7793,1,2645
1715,7545,1,2870
1716,9533,1,1943
1717,8601,1,2376
1718,8647,1,1584
1719,7492,1,2482
1720,8332,1,141
1721,9446,1,1285
1722,8289,1,518
1723,9817,1,957
1724,8417,1,2286
1725,9284,1,1382
1726,8559,1,693
1727,9759,1,1563
1728,8331,1,2887
1729,7898,1,2909
1730,7945,1,2942
1731,8199,1,2415
1732,8725,1,2497
1733,8442,1,1671
1734,9593,1,605
1735,8394,1,1883
1736,9075,1,1816
1737,7885,1,681
1738,8569,1,2379
1739,8007,1,1997
1740,8290,1,1834
1741,9309,1,2663
1742,10180,1,1635
1743,8008,1,85
1744,8808,1,558
1745,10065,1,1311
1746,8015,1,3057
1747,7926,1,902
1748,8280,1,860
1749,7675,1,2196
1750,8667,1,692
1751,7980,1,2708
1752,8160,1,511
1753,9620,1,426
1754,8858,1,997
1755,11121,1,1165
1756,10985,1,605
1757,8668,1,848
1758,8447,1,769
1759,8898,1,2280
1760,8546,1,2443
1761,8442,1,2466
1762,9270,1,412
1763,7732,1,1428
1764,10539,1,91
1765,8738,1,1677
1766,8740,1,1382
1767,9538,1,3041
1768,9725,1,945
1769,8802,1,1802
1770,8201,1,1333
1771,7836,1,104
1772,7849,1,23
1773,7368,1,2189
1774,7739,1,995
1775,9867,1,287
1776,10007,1,2517
1777,8645,1,2485
1778,8838,1,1419
1779,8730,1,13
1780,8048,1,263
1781,9337,1,1514
1782,8043,1,1270
1783,7905,1,1072
1784,9602,1,111
1785,7659,1,1593
1786,8360,1,2033
1787,8830,1,2641
1788,8393,1,2830
1789,8992,1,611
1790,7623,1,1208
1791,8169,1,1089
1792,10113,1,2314
1793,9381,1,3017
1794,9085,1,1913
1795,8234,1,1539
1796,8216,1,2142
1797,9088,1,2149
1798,7726,1,2331
1799,8732,1,1101
1800,8746,1,181
1801,8102,1,2083
1802,10138,1,2414
1803,8892,1,1118
1804,7389,1,210
1805,9154,1,2664
1806,8530,1,1109
1807,9462,1,3033
1808,8625,1,1177
1809,8920,1,906
1810,7573,1,3019
1811,8416,1,1681
1812,9458,1,750
1813,8344,1,2202
1814,9105,1,125
1815,8759,1,1422
1816,8273,1,1521
1817,9112,1,541
1818,9513,1,2783
1819,7839,1,2713
1820,8774,1,2269
1821,9498,1,127
1822,9253,1,2483
1823,9762,1,2690
1824,8722,1,2287
1825,7424,1,2328
1826,9581,1,489
1827,8246,1,2680
1828,8439,1,1291
1829,8176,1,2179
1830,8750,1,2617
1831,9943,1,1729
1832,8358,1,92
1833,8669,1,2695
1834,8338,1,772
1835,8105,1,1643
1836,9376,1,2434
1837,8895,1,2797
1838,8138,1,109
1839,7849,1,957
1840,8342,1,2853
1841,7435,1,2222
1842,8716,1,556
1843,8427,1,2848
1844,8654,1,2398
1845,7510,1,757
1846,7398,1,178
1847,9452,1,1887
1848,7599,1,2897
1849,8477,1,1090
1850,8939,1,2250
1851,8463,1,1134
1852,7324,1,129
1853,10419,1,802
1854,11499,1,2643
1855,8208,1,2011
1856,8226,1,329
1857,9261,1,1773
1858,7890,1,1711
1859,8091,1,2559
1860,9297,1,518
1861,8260,1,880
1862,9210,1,2300
1863,10218,1,1857
1864,8141,1,1982
1865,9032,1,545
1866,7412,1,2023
1867,8456,1,909
1868,8523,1,442
1869,8879,1,96
1870,8026,1,181
1871,8388,1,1382
1872,8401,1,471
1873,8482,1,991
1874,7257,1,605
1875,7124,1,2535
1876,8464,1,1313
1877,8221,1,1325
1878,9381,1,2855
1879,9676,1,1754
1880,8919,1,2433
1881,8633,1,509
1882,7632,1,511
1883,8960,1,1001
1884,7206,1,2053
1885,7978,1,708
1886,8907,1,196
1887,8710,1,527
1888,8175,1,1560
1889,7957,1,1099
1890,8539,1,327
1891,8950,1,2835
1892,8416,1,955
1893,8049,1,33
1894,7340,1,532
1895,9645,1,1415
1896,7159,1,347
1897,8879,1,2897
1898,8182,1,527
1899,8810,1,127
1900,9454,1,744
1901,8884,1,2185
1902,8116,1,1780
1903,8117,1,1716
1904,8519,1,347
1905,9592,1,2284
1906,8830,1,1738
1907,7649,1,1072
1908,7264,1,1321
1909,7967,1,209
1910,9455,1,599
1911,9566,1,2761
1912,9158,1,2181
1913,10552,1,2495
1914,8969,1,2260
1915,8094,1,950
1916,9462,1,2522
1917,7830,1,1231
1918,9054,1,2641
1919,8455,1,1096
1920,7474,1,446
1921,10407,1,1291
1922,7714,1,318
1923,8298,1,1395
1924,8126,1,258
1925,8136,1,85
1926,7933,1,1146
1927,8378,1,2744
1928,8460,1,2409
1929,8336,1,985
1930,8547,1,1804
1931,8351,1,2897
1932,8758,1,1347
1933,7723,1,1411
1934,7609,1,2787
1935,8432,1,549
1936,8854,1,2811
1937,8902,1,7
1938,7800,1,2337
1939,8822,1,241
1940,8928,1,2486
1941,7990,1,2498
1942,9431,1,2165
1943,8123,1,1380
1944,9270,1,733
1945,8435,1,1993
1946,7570,1,2343
1947,12043,1,2424
1948,7836,1,580
1949,7761,1,2127
1950,8270,1,1701
1951,8084,1,1984
1952,8087,1,153
1953,8777,1,2783
1954,9604,1,2702
1955,9008,1,456
1956,8288,1,2912
1957,7509,1,2976
1958,7823,1,2892
1959,8239,1,1602
1960,8202,1,2565
1961,8889,1,2875
1962,9103,1,3057
1963,7136,1,2397
1964,7878,1,1003
1965,8262,1,2209
1966,7797,1,2339
1967,8639,1,2895
1968,8941,1,2016
1969,8647,1,1759
1970,8907,1,635
1971,7119,1,653
1972,8050,1,2343
1973,9228,1,822
1974,8047,1,209
1975,8783,1,1491
1976,7820,1,2547
1977,8786,1,1710
1978,9021,1,213
1979,8209,1,2243
1980,8945,1,1654
1981,8885,1,2785
1982,8739,1,937
1983,8936,1,1442
1984,8458,1,2013
1985,8908,1,1297
1986,7762,1,750
1987,9483,1,1223
1988,7554,1,682
1989,10305,1,827
1990,9083,1,1743
1991,8111,1,1159
1992,8362,1,2758
1993,7903,1,1788
1994,8233,1,1999
1995,7207,1,2355
1996,7979,1,1587
1997,8025,1,3022
1998,7212,1,1206
1999,7698,1,1137
2000,8010,1,2631
2001,8015,1,335
2002,9474,1,1637
2003,9369,1,2857
2004,7966,1,1148
2005,8660,1,2702
2006,8205,1,1170
2007,10081,1,1631
2008,10606,1,1701
2009,10137,1,2723
2010,9608,1,966
2011,9182,1,1735
2012,8856,1,860
2013,9212,1,2176
2014,8322,1,2843
2015,8195,1,2462
2016,8936,1,246
2017,8276,1,849
2018,8151,1,1759
2019,8953,1,2164
2020,9366,1,733
2021,8450,1,2664
2022,8731,1,2163
2023,7933,1,2469
2024,8643,1,1579
2025,9224,1,117
2026,9911,1,2460
2027,8508,1,1429
2028,8529,1,819
2029,9261,1,268
2030,9055,1,2913
2031,9845,1,811
2032,6595,1,1569
2033,8636,1,2739
2034,9938,1,593
2035,8741,1,2717
2036,8171,1,1455
2037,9495,1,1646
2038,11360,1,97
2039,8420,1,868
2040,7961,1,2353
2041,7974,1,2053
2042,9831,1,2005
2043,7654,1,902
2044,8344,1,2061
2045,8848,1,387
2046,9406,1,189
2047,8124,1,2176
2048,9050,1,1305
2049,8756,1,1556
2050,9325,1,1805
2051,8956,1,1409
2052,9153,1,688
2053,9718,1,1003
2054,9686,1,1179
2055,7954,1,2253
2056,10030,1,3055
2057,8890,1,1527
2058,9144,1,1544
2059,8488,1,534
2060,7786,1,1871
2061,8057,1,1135
2062,9187,1,1117
2063,8539,1,1748
2064,10058,1,708
2065,9319,1,2900
2066,9274,1,1473
2067,9135,1,1334
2068,7815,1,373
2069,9318,1,1419
2070,9284,1,242
2071,7707,1,2481
2072,7654,1,2741
2073,8185,1,1837
2074,9803,1,289
2075,7977,1,2962
2076,9674,1,1857
2077,8332,1,1814
2078,10028,1,839
2079,7370,1,2737
2080,8788,1,963
2081,8657,1,469
2082,8602,1,2565
2083,7990,1,587
2084,8755,1,1483
2085,9041,1,897
2086,8036,1,2822
2087,9358,1,2326
2088,8532,1,82
2089,7543,1,2005
2090,9488,1,1308
2091,8956,1,2963
2092,8831,1,3
2093,8535,1,2579
2094,8896,1,2133
2095,8391,1,2071
2096,8352,1,97
2097,9204,1,2774
2098,8705,1,2849
2099,8016,1,1368
2100,8768,1,2011
2101,7260,1,1101
2102,8271,1,2195
2103,8301,1,3071
2104,9133,1,942
2105,8664,1,749
2106,9032,1,405
2107,8645,1,1724
2108,9416,1,2202
2109,9730,1,2970
2110,8766,1,3021
2111,7492,1,361
2112,8864,1,417
2113,8588,1,1835
2114,8126,1,744
2115,9324,1,14
2116,8366,1,756
2117,10078,1,1379
2118,11642,1,2758
2119,9005,1,489
2120,9039,1,1453
2121,8599,1,1831
2122,7975,1,869
2123,8749,1,1224
2124,7473,1,625
2125,8614,1,2079
2126,8269,1,2431
2127,7900,1,1331
2128,7763,1,768
2129,8727,1,1068
2130,8225,1,1925
2131,8905,1,428
2132,9481,1,605
2133,7424,1,387
2134,7905,1,86
2135,7764,1,2702
2136,9445,1,2785
2137,8596,1,661
2138,9234,1,2188
2139,9494,1,2087
2140,7462,1,521
2141,7772,1,1331
2142,8097,1,2564
2143,8788,1,93
2144,8012,1,3049
2145,7968,1,413
2146,8672,1,1753
2147,9460,1,2435
2148,7986,1,2395
2149,9196,1,50
2150,8292,1,1405
2151,8424,1,618
2152,10325,1,2146
2153,9189,1,1029
2154,7226,1,2737
2155,7401,1,1250
2156,7798,1,2218
2157,7176,1,971
2158,7922,1,1323
2159,8693,1,1451
2160,9558,1,2069
2161,9405,1,210
2162,8832,1,2954
2163,8581,1,1298
2164,8554,1,517
2165,10086,1,1384
2166,9120,1,2550
2167,8422,1,2741
2168,8217,1,1850
2169,8148,1,1712
2170,8715,1,1433
2171,7890,1,318
2172,8682,1,2751
2173,8215,1,1899
2174,7669,1,2601
2175,9737,1,2353
2176,8645,1,409
2177,8164,1,975
2178,9217,1,1127
2179,8815,1,271
2180,9880,1,2686
2181,8785,1,2243
2182,9262,1,602
2183,7746,1,2614
2184,8938,1,77
2185,7999,1,1910
2186,7759,1,940
2187,7988,1,21
2188,9391,1,1937
2189,9045,1,1378
2190,8260,1,729
2191,9171,1,2802
2192,9380,1,617
2193,11054,1,187
2194,8331,1,2107
2195,8255,1,3068
2196,8719,1,1653
2197,8557,1,2360
2198,8633,1,2687
2199,9155,1,2691
2200,7227,1,1263
2201,8121,1,1089
2202,9746,1,1730
2203,8583,1,631
2204,8261,1,1029
2205,8819,1,1614
2206,8774,1,2680
2207,8716,1,195
2208,8581,1,234
2209,9319,1,2457
2210,9206,1,2556
2211,8213,1,2339
2212,9167,1,2633
2213,8457,1,1011
2214,7607,1,1445
2215,8737,1,2371
2216,9850,1,2524
2217,8090,1,2961
2218,8883,1,1874
2219,8856,1,2061
2220,10439,1,182
2221,8130,1,991
2222,9486,1,139
2223,8211,1,245
2224,8239,1,2168
2225,8978,1,861
2226,9121,1,3058
2227,8125,1,429
2228,9473,1,207
2229,10106,1,842
2230,8242,1,307
2231,8705,1,2861
2232,8386,1,885
2233,8590,1,3021
2234,7940,1,2822
2235,8557,1,2651
2236,8335,1,1067
2237,8786,1,293
2238,8040,1,1622
2239,7833,1,1478
2240,7982,1,2186
2241,8322,1,1323
2242,8807,1,1591
2243,8361,1,475
2244,7646,1,2326
2245,11664,1,3004
2246,9489,1,1015
2247,8146,1,502
2248,8448,1,835
2249,9222,1,3027
2250,8793,1,2857
2251,7815,1,1841
2252,10309,1,811
2253,10541,1,1619
2254,7692,1,222
2255,8214,1,621
2256,8828,1,2378
2257,8418,1,2064
2258,11996,1,406
2259,8657,1,1289
2260,9076,1,519
2261,8949,1,2226
2262,8191,1,2633
2263,9064,1,989
2264,7236,1,868
2265,9147,1,2685
2266,7905,1,2576
2267,10204,1,1429
2268,9230,1,1260
2269,10367,1,2338
2270,8050,1,1028
2271,9135,1,693
2272,8172,1,1007
2273,7728,1,985
2274,10690,1,737
2275,8992,1,1418
2276,9668,1,866
2277,8227,1,890
2278,8747,1,620
2279,7984,1,2047
2280,8170,1,2300
2281,8557,1,42
2282,11264,1,2311
2283,9259,1,826
2284,8131,1,439
2285,7917,1,2681
2286,7909,1,2146
2287,8878,1,2780
2288,8878,1,601
2289,7544,1,795
2290,7627,1,2356
2291,9721,1,2471
2292,7767,1,346
2293,8402,1,1407
2294,8143,1,22
2295,10092,1,2205
2296,7541,1,1590
2297,8774,1,3027
2298,7922,1,2514
2299,8677,1,2521
2300,7206,1,2683
2301,7598,1,1243
2302,8266,1,2565
2303,8026,1,1394
2304,8767,1,105
2305,7856,1,718
2306,8458,1,1512
2307,7590,1,587
2308,9710,1,1501
2309,7650,1,1730
2310,8488,1,2775
2311,9370,1,3018
2312,8524,1,1659
2313,10249,1,2577
2314,7953,1,252
2315,8093,1,81
2316,7654,1,587
2317,9020,1,458
2318,9067,1,2781
2319,7856,1,511
2320,7938,1,1479
2321,8444,1,2378
2322,7571,1,392
2323,8852,1,1428
2324,9040,1,1581
2325,7982,1,2948
2326,10586,1,567
2327,11107,1,243
2328,7538,1,1121
2329,9293,1,3071
2330,10009,1,2787
2331,7733,1,2479
2332,8690,1,2711
2333,8481,1,2508
2334,8243,1,2504
2335,7919,1,693
2336,9476,1,2482
2337,9125,1,119
2338,8842,1,997
2339,8096,1,1777
2340,7701,1,159
2341,7874,1,111
2342,8175,1,105
2343,9476,1,1635
2344,8746,1,641
2345,8618,1,2558
2346,8350,1,120
2347,8796,1,673
2348,9594,1,735
2349,8676,1,661
2350,8356,1,2324
2351,8783,1,2797
2352,7944,1,3015
2353,8519,1,1646
2354,7786,1,1871
2355,8250,1,13
2356,7314,1,2188
2357,10864,1,923
2358,9257,1,365
2359,7226,1,493
2360,9003,1,1775
2361,8102,1,1485
2362,8359,1,941
2363,9007,1,2271
2364,9906,1,991
2365,8851,1,454
2366,9670,1,3027
2367,8811,1,809
2368,7959,1,2579
2369,9060,1,1376
2370,9189,1,63
2371,8802,1,597
2372,8555,1,1147
2373,7886,1,857
2374,9861,1,707
2375,6912,1,3065
2376,8083,1,2385
2377,9501,1,391
2378,8899,1,937
2379,10256,1,179
2380,8668,1,2267
2381,7983,1,2456
2382,7837,1,298
2383,9175,1,498
2384,9317,1,108
2385,8329,1,2665
2386,8011,1,215
2387,8798,1,1033
2388,7423,1,2797
2389,10296,1,480
2390,9429,1,741
2391,7383,1,1905
2392,8811,1,1950
2393,8679,1,2517
2394,8722,1,565
2395,8866,1,2629
2396,8602,1,2755
2397,8889,1,1341
2398,7554,1,1541
2399,7943,1,169
2400,9020,1,223
2401,8720,1,712
2402,8022,1,757
2403,7949,1,2402
2404,9936,1,1981
2405,7848,1,2329
2406,8902,1,2940
2407,9079,1,1445
2408,8341,1,3019
2409,8927,1,283
2410,8779,1,2234
2411,7739,1,295
2412,7615,1,855
2413,8650,1,2565
2414,7181,1,2695
2415,8162,1,2343
2416,7514,1,2737
2417,8790,1,2114
2418,8588,1,1749
2419,8419,1,2955
2420,7365,1,2936
2421,7320,1,1235
2422,7719,1,1262
2423,8115,1,606
2424,8319,1,1809
2425,9279,1,1069
2426,8945,1,713
2427,8157,1,2996
2428,8439,1,1291
2429,8305,1,401
2430,10774,1,3027
2431,9400,1,2568
2432,9043,1,348
2433,8591,1,2418
2434,8257,1,1537
2435,9087,1,1339
2436,10177,1,1919
2437,8681,1,2969
2438,8402,1,170
2439,8445,1,415
2440,8476,1,366
2441,8052,1,1984
2442,8600,1,1142
2443,9340,1,910
2444,10449,1,1055
2445,8075,1,1991
2446,9226,1,2883
2447,8992,1,2434
2448,9426,1,2880
2449,8364,1,1549
2450,8176,1,1466
2451,8858,1,738
2452,9920,1,147
2453,8722,1,1802
2454,9873,1,1072
2455,9288,1,2817
2456,9573,1,399
2457,8057,1,475
2458,10076,1,195
2459,9416,1,2061
2460,8731,1,2196
2461,8423,1,1591
2462,7877,1,774
2463,7519,1,297
2464,8601,1,89
2465,8286,1,679
2466,8183,1,1896
2467,8407,1,1896
2468,8612,1,2185
2469,8080,1,718
2470,8990,1,1735
2471,7406,1,5
2472,7737,1,514
2473,8124,1,2837
2474,8435,1,3050
2475,8878,1,1707
2476,8205,1,1236
2477,7770,1,3024
2478,6764,1,888
2479,8953,1,1848
2480,9210,1,953
2481,8714,1,1306
2482,7851,1,327
2483,7523,1,1446
2484,7882,1,2041
2485,8434,1,2009
2486,9004,1,785
2487,7610,1,2370
2488,7716,1,2435
2489,9186,1,2280
2490,8930,1,2877
2491,7320,1,1936
2492,7649,1,1739
2493,8733,1,1268
2494,8985,1,2353
2495,7496,1,993
2496,8028,1,1169
2497,8275,1,958
2498,8505,1,2962
2499,8211,1,1985
2500,10295,1,551
2501,9020,1,2413
2502,8223,1,1209
2503,7800,1,246
2504,9378,1,2890
2505,8770,1,1637
2506,8861,1,1598
2507,10911,1,1134
2508,9306,1,738
2509,9600,1,1681
2510,8674,1,47
2511,10504,1,214
2512,9090,1,813
2513,8723,1,2120
2514,8371,1,1117
2515,7349,1,1644
2516,8719,1,3014
2517,9839,1,931
2518,8607,1,1134
2519,8353,1,827
2520,10024,1,534
2521,9009,1,1665
2522,8046,1,1706
2523,8529,1,2645
2524,8450,1,1073
2525,10015,1,951
2526,10026,1,2013
2527,8286,1,2342
2528,8167,1,1956
2529,8054,1,755
2530,8209,1,782
2531,8668,1,2500
2532,9368,1,2061
2533,8914,1,1802
2534,8594,1,2843
2535,9824,1,2047
2536,9475,1,919
2537,9122,1,1221
2538,9764,1,1635
2539,8100,1,2435
2540,8201,1,290
2541,8298,1,2121
2542,8736,1,862
2543,8305,1,1891
2544,8078,1,602
2545,8144,1,179
2546,8405,1,657
2547,7933,1,1652
2548,8414,1,473
2549,8651,1,1463
2550,8236,1,2024
2551,10442,1,2960
2552,9881,1,89
2553,9654,1,218
2554,8288,1,803
2555,8244,1,186
2556,8156,1,1435
2557,7859,1,1540
2558,9577,1,805
2559,8226,1,619
2560,8011,1,645
2561,7733,1,1724
2562,8612,1,199
2563,8784,1,859
2564,8628,1,146
2565,8803,1,2241
2566,8366,1,5
2567,9353,1,2667
2568,9414,1,27
2569,9099,1,2915
2570,7854,1,69
2571,9293,1,2220
2572,8514,1,2846
2573,8543,1,285
2574,8660,1,925
2575,8412,1,223
2576,8143,1,96
2577,9329,1,1055
2578,7684,1,2482
2579,8675,1,1579
2580,8966,1,757
2581,8739,1,1201
2582,8945,1,174
2583,8775,1,1077
2584,7942,1,338
2585,8561,1,827
2586,8215,1,753
2587,8740,1,722
2588,8612,1,2096
2589,9603,1,3005
2590,7737,1,1011
2591,7354,1,1767
2592,9327,1,1339
2593,8429,1,3071
2594,8902,1,165
2595,9451,1,2685
2596,8081,1,1631
2597,9402,1,2123
2598,10123,1,349
2599,8542,1,505
2600,10389,1,2603
2601,9158,1,2612
2602,9473,1,1173
2603,9463,1,151
2604,7812,1,368
2605,8608,1,263
2606,7721,1,2670
2607,8044,1,1815
2608,7264,1,1456
2609,8679,1,2128
2610,10191,1,105
2611,8223,1,2831
2612,7859,1,177
2613,8509,1,2220
2614,8296,1,909
2615,10127,1,838
2616,8455,1,1759
2617,9049,1,2471
2618,8284,1,1953
2619,9090,1,1163
2620,9952,1,485
2621,9196,1,1489
2622,9284,1,2439
2623,8663,1,1933
2624,8361,1,1436
2625,9183,1,3
2626,9344,1,2491
2627,7782,1,2347
2628,8801,1,2077
2629,8691,1,1257
2630,8236,1,195
2631,8519,1,1377
2632,7595,1,1825
2633,9046,1,2097
2634,8343,1,2005
2635,10179,1,901
2636,7721,1,763
2637,8139,1,1433
2638,7762,1,690
2639,10451,1,1266
2640,8896,1,2145
2641,7373,1,1461
2642,8449,1,782
2643,9450,1,2909
2644,8455,1,2177
2645,7757,1,2194
2646,8509,1,1005
2647,8545,1,1521
2648,10359,1,2293
2649,8255,1,2348
2650,13685,1,1644
2651,8451,1,535
2652,7324,1,226
2653,7626,1,379
2654,9897,1,2638
2655,10847,1,2584
2656,9298,1,537
2657,8337,1,2705
2658,8693,1,145
2659,8256,1,404
2660,9275,1,2470
2661,8937,1,1945
2662,8826,1,567
2663,9090,1,1971
2664,7633,1,328
2665,8514,1,2629
2666,8898,1,1149
2667,8296,1,2775
2668,8603,1,1496
2669,9928,1,1265
2670,10260,1,3042
2671,7606,1,2053
2672,7924,1,2154
2673,8949,1,2976
2674,8040,1,989
2675,8429,1,2555
2676,8215,1,346
2677,8280,1,1442
2678,8314,1,1300
2679,8679,1,1575
2680,9468,1,2203
2681,8772,1,2512
2682,10375,1,801
2683,9526,1,142
2684,8735,1,2701
2685,9946,1,2758
2686,7964,1,2563
2687,9454,1,1243
2688,9347,1,2091
2689,7796,1,2050
2690,10695,1,2165
2691,7997,1,942
2692,8349,1,2251
2693,7718,1,499
2694,8643,1,2091
2695,7902,1,1706
2696,9823,1,285
2697,8252,1,1605
2698,7963,1,1403
2699,8655,1,1052
2700,8519,1,2433
2701,7736,1,2719
2702,7676,1,701
2703,8774,1,621
2704,6768,1,1718
2705,9958,1,521
2706,8376,1,1518
2707,8787,1,61
2708,8239,1,2701
2709,8714,1,643
2710,8427,1,1455
2711,10735,1,1604
2712,7572,1,519
2713,8262,1,48
2714,8722,1,388
2715,9070,1,402
2716,8683,1,1145
2717,8835,1,746
2718,9030,1,2965
2719,9663,1,951
2720,8311,1,2927
2721,9388,1,58
2722,7759,1,2913
2723,8794,1,3024
2724,7891,1,831
2725,7782,1,983
2726,8632,1,1467
2727,8358,1,2893
2728,9066,1,2224
2729,7791,1,425
2730,8626,1,2664
2731,8278,1,983
2732,8124,1,2652
2733,8690,1,537
2734,7665,1,1733
2735,7578,1,517
2736,9224,1,480
2737,10214,1,2764
2738,9675,1,1345
2739,9594,1,212
2740,8555,1,2828
2741,7235,1,2943
2742,8339,1,1661
2743,9480,1,2377
2744,7879,1,2815
2745,7925,1,1319
2746,8313,1,2638
2747,8348,1,1247
2748,7589,1,2166
2749,7201,1,578
2750,8765,1,1773
2751,10506,1,1539
2752,8386,1,656
2753,7184,1,1981
2754,9104,1,2259
2755,8466,1,1802
2756,10145,1,1631
2757,7955,1,1486
2758,7758,1,794
2759,8243,1,1703
2760,9656,1,534
2761,7597,1,1618
2762,9029,1,2976
2763,8211,1,535
2764,9386,1,181
2765,9935,1,87
2766,8297,1,1789
2767,7639,1,1059
2768,8675,1,790
2769,7999,1,931
2770,8648,1,1553
2771,7996,1,1929
2772,8941,1,2130
2773,9807,1,1809
2774,7551,1,343
2775,8939,1,289
2776,8956,1,2049
2777,8795,1,1065
2778,8174,1,1836
2779,7659,1,3052
2780,8479,1,140
2781,8677,1,2860
2782,7903,1,105
2783,8472,1,2099
2784,8239,1,2458
2785,10162,1,1163
2786,9836,1,25
2787,8060,1,673
2788,7920,1,1672
2789,8921,1,2577
2790,7895,1,144
2791,8984,1,1553
2792,8944,1,485
2793,7598,1,1571
2794,8529,1,2945
2795,9810,1,2080
2796,8993,1,2919
2797,9606,1,999
2798,8650,1,2370
2799,8437,1,811
2800,8322,1,1301
2801,8258,1,991
2802,7495,1,924
2803,7480,1,553
2804,7881,1,2870
2805,8842,1,1449
2806,9235,1,419
2807,9261,1,138
2808,8034,1,1971
2809,9531,1,1743
2810,8361,1,2574
2811,7386,1,2147
2812,8199,1,281
2813,8916,1,2482
2814,9450,1,1559
2815,8444,1,1835
2816,7990,1,2218
2817,9053,1,81
2818,8114,1,2877
2819,8779,1,2821
2820,10222,1,2331
2821,8947,1,1661
2822,10994,1,2287
2823,10324,1,1115
2824,9943,1,1646
2825,9271,1,2623
2826,8060,1,2045
2827,7996,1,2563
2828,10420,1,2187
2829,7897,1,84
2830,8833,1,3043
2831,7891,1,2833
2832,8705,1,1744
2833,9703,1,926
2834,8010,1,2602
2835,8702,1,2186
2836,9112,1,2099
2837,8895,1,2168
2838,9373,1,2194
2839,9343,1,1203
2840,9649,1,3002
2841,9578,1,2073
2842,8581,1,2480
2843,8769,1,518
2844,8520,1,1133
2845,8660,1,278
2846,8584,1,2015
2847,7778,1,315
2848,8456,1,371
2849,8919,1,1600
2850,8194,1,1834
2851,8493,1,681
2852,9179,1,1587
2853,8934,1,447
2854,9765,1,2855
2855,6801,1,401
2856,7898,1,1989
2857,8742,1,853
2858,8851,1,2225
2859,8788,1,849
2860,7130,1,2028
2861,10639,1,2897
2862,9619,1,790
2863,7257,1,1510
2864,8582,1,1526
2865,8724,1,669
2866,7856,1,1829
2867,8754,1,1641
2868,9506,1,677
2869,7405,1,945
2870,7141,1,1327
2871,8372,1,925
2872,10642,1,1637
2873,8375,1,1956
2874,8104,1,972
2875,9597,1,2799
2876,7867,1,1736
2877,9012,1,2187
2878,8772,1,531
2879,8350,1,2417
2880,9158,1,717
2881,8132,1,775
2882,8078,1,886
2883,9213,1,2402
2884,8166,1,2756
2885,8728,1,3015
2886,10020,1,2185
2887,9211,1,289
2888,8968,1,1638
2889,7596,1,1215
2890,7655,1,1617
2891,7812,1,1901
2892,9271,1,1905
2893,8351,1,1653
2894,8715,1,1803
2895,9120,1,549
2896,7834,1,2473
2897,9466,1,1893
2898,8800,1,2491
2899,9628,1,2049
2900,9364,1,866
2901,8824,1,2377
2902,8486,1,1384
2903,9653,1,1027
2904,7777,1,2576
2905,8123,1,777
2906,9047,1,1103
2907,8771,1,1535
2908,8733,1,1652
2909,9019,1,349
2910,7942,1,2503
2911,10825,1,149
2912,8687,1,2161
2913,11027,1,845
2914,9490,1,2629
2915,9361,1,1165
2916,8847,1,2159
2917,7991,1,2447
2918,7905,1,1935
2919,7575,1,869
2920,8565,1,1566
2921,8372,1,776
2922,8409,1,418
2923,8023,1,1905
2924,11493,1,2976
2925,9445,1,2601
2926,8393,1,605
2927,11074,1,2387
2928,8424,1,2151
2929,7839,1,2305
2930,9309,1,922
2931,8726,1,2635
2932,8565,1,303
2933,7752,1,2686
2934,8933,1,1237
2935,9238,1,2741
2936,7013,1,2497
2937,8634,1,1671
2938,7051,1,1138
2939,10017,1,2861
2940,8122,1,2082
2941,7510,1,733
2942,8831,1,1339
2943,8877,1,2051
2944,9242,1,1567
2945,8473,1,2577
2946,8498,1,613
2947,7591,1,828
2948,9105,1,1654
2949,8941,1,1112
2950,8974,1,1148
2951,7882,1,1473
2952,9280,1,1981
2953,9915,1,2727
2954,7469,1,2251
2955,9638,1,2129
2956,9324,1,725
2957,7556,1,2997
2958,8014,1,2761
2959,7441,1,625
2960,7669,1,1667
2961,8959,1,1758
2962,7729,1,2873
2963,8015,1,648
2964,8790,1,1384
2965,9729,1,359
2966,8706,1,502
2967,8394,1,1559
2968,8850,1,576
2969,8434,1,991
2970,9009,1,2213
2971,9073,1,125
2972,10179,1,264
2973,8534,1,1610
2974,8628,1,2752
2975,8877,1,2555
2976,7747,1,1888
2977,8562,1,2343
2978,10343,1,169
2979,7711,1,2738
2980,9200,1,2133
2981,9346,1,1675
2982,8554,1,131
2983,8402,1,395
2984,8826,1,2400
2985,9589,1,2490
2986,7583,1,1339
2987,8263,1,1646
2988,9148,1,2203
2989,8065,1,2879
2990,8703,1,3068
2991,9736,1,1161
2992,8354,1,2258
2993,7921,1,2313
2994,8203,1,762
2995,8075,1,1345
2996,9403,1,1775
2997,9926,1,1526
2998,9005,1,213
2999,10364,1,1749
3000,9236,1,868
3001,8665,1,763
3002,8214,1,2087
3003,9354,1,1473
3004,9489,1,2282
3005,7565,1,687
3006,10965,1,2527
3007,7613,1,2743
3008,7773,1,2257
3009,9122,1,2629
3010,9082,1,2851
3011,9373,1,2663
3012,7323,1,2373
3013,8990,1,2331
3014,8994,1,656
3015,9349,1,145
3016,8774,1,1928
3017,8404,1,199
3018,8553,1,2310
3019,10019,1,1615
3020,7562,1,1547
3021,10193,1,59
3022,7961,1,2143
3023,8801,1,2808
3024,7581,1,2859
3025,7404,1,1365
3026,7936,1,3003
3027,8275,1,2747
3028,8315,1,1278
3029,9385,1,2169
3030,8340,1,1916
3031,8212,1,1284
3032,8213,1,2321
3033,8617,1,2319
3034,8203,1,1803
3035,8224,1,1034
3036,7984,1,985
3037,8830,1,1836
3038,9118,1,627
3039,8602,1,2819
3040,7719,1,847
3041,8320,1,1162
3042,8137,1,1999
3043,7886,1,1962
3044,7452,1,1489
3045,8632,1,468
3046,7729,1,2217
3047,8626,1,2261
3048,9324,1,2049
3049,9376,1,2349
3050,8743,1,949
3051,8513,1,2127
3052,9601,1,2669
3053,8173,1,429
3054,7727,1,57
3055,8028,1,721
3056,8359,1,1897
3057,7178,1,2755
3058,7281,1,676
3059,8283,1,809
3060,7934,1,1731
3061,8597,1,233
3062,9062,1,1666
3063,8573,1,124
3064,8944,1,549
3065,8800,1,685
3066,8973,1,213
3067,8885,1,1582
3068,8027,1,2891
3069,7933,1,2130
3070,9809,1,1165
3071,9848,1,3026
3072,8389,1,2516
3073,7951,1,2265
3074,8807,1,2460
3075,8978,1,2877
3076,8597,1,811
3077,8655,1,3031
3078,8192,1,2987
3079,9047,1,2944
3080,8089,1,771
3081,8235,1,1975
3082,8681,1,1727
3083,9606,1,733
3084,7825,1,190
3085,8124,1,2952
3086,9013,1,2479
3087,9785,1,709
3088,9594,1,2375
3089,10518,1,2853
3090,8504,1,2099
3091,8969,2,23;2637
3092,8529,1,2669
3093,7850,1,127
3094,8544,1,1328
3095,8611,1,1697
3096,8072,1,2676
3097,7302,1,2442
3098,7655,1,654
3099,7597,1,213
3100,7608,1,1570
3101,8090,1,2724
3102,8013,1,935
3103,8837,1,1715
3104,9858,1,2419
3105,8357,2,159;2855
3106,7606,1,523
3107,7700,1,2017
3108,8345,1,2881
3109,9657,1,2942
3110,8417,1,782
3111,9564,1,2307
3112,9391,1,1052
3113,7934,1,139
3114,8771,1,235
3115,8413,1,1472
3116,7953,1,908
3117,7997,1,935
3118,8148,1,878
3119,7649,1,1165
3120,8383,1,2966
3121,8490,1,131
3122,10256,1,1373
3123,7718,1,2181
3124,11430,1,2499
3125,7174,1,178
3126,7928,1,1265
3127,9679,1,1869
3128,8813,1,1959
3129,7961,1,3022
3130,9917,1,2555
3131,7855,1,838
3132,7840,1,2374
3133,8861,1,1913
3134,8173,1,2220
3135,7479,1,1575
3136,7785,1,457
3137,8583,1,869
3138,7903,1,1219
3139,9384,1,1018
3140,9162,1,1567
3141,9268,1,895
3142,7888,1,456
3143,8202,1,1687
3144,10032,1,2047
3145,8379,1,1210
3146,8486,1,598
3147,7935,1,3057
3148,9165,1,1038
3149,8797,1,2632
3150,11118,1,633
3151,9272,1,214
3152,8727,1,185
3153,9484,1,1183
3154,8158,1,1531
3155,9121,1,1202
3156,7658,1,2642
3157,10086,1,1546
3158,8659,1,1813
3159,8381,1,259
3160,8896,1,404
3161,8737,1,3058
3162,9058,1,315
3163,9353,1,2870
3164,8435,1,2905
3165,10543,1,1233
3166,7335,1,2623
3167,8165,1,655
3168,7584,1,703
3169,8577,1,483
3170,8934,1,2682
3171,7673,1,2615
3172,7772,1,1765
3173,7952,1,485
3174,7924,1,423
3175,8919,1,1729
3176,8350,1,41
3177,8434,1,1941
3178,8585,1,1650
3179,9211,1,1808
3180,10952,1,993
3181,8398,1,2496
3182,9328,1,416
3183,7784,1,6
3184,8495,1,2850
3185,8188,1,1247
3186,8876,1,2049
3187,9010,1,1367
3188,9116,1,980
3189,8014,1,1695
3190,7630,1,2934
3191,9619,1,845
3192,8561,1,1173
3193,8670,1,2761
3194,8151,1,2293
3195,8161,1,1311
3196,7891,1,572
3197,8447,1,693
3198,9822,1,2641
3199,8572,1,839
3200,8482,1,1987
3201,7418,1,2489
3202,8199,1,1854
3203,9574,1,755
3204,8406,1,1546
3205,8966,1,319
3206,8085,1,3067
3207,9346,1,2287
3208,7543,1,1854
3209,9157,1,2184
3210,8015,1,951
3211,7959,1,801
3212,8554,1,1122
3213,8317,1,494
3214,8514,1,2438
3215,7976,1,3026
3216,8480,1,615
3217,9675,1,1278
3218,7194,1,766
3219,10121,1,1837
3220,8863,1,807
3221,7964,1,2413
3222,8831,1,2797
3223,10364,1,2025
3224,9983,1,2966
3225,7034,1,2631
3226,8841,1,1837
3227,7786,1,1437
3228,9594,1,2565
3229,8333,1,1005
3230,8542,1,1078
3231,8863,1,2633
3232,7535,1,2278
3233,10419,1,2947
3234,8306,1,1802
3235,7821,1,2436
3236,9258,1,953
3237,9165,1,391
3238,7510,1,2829
3239,9348,1,1428
3240,8723,1,2867
3241,7727,1,2363
3242,7604,1,2700
3243,8186,1,2454
3244,8019,1,2093
3245,7651,1,53
3246,9481,1,1789
3247,8361,1,2572
3248,7586,1,170
3249,9304,1,183
3250,8135,1,924
3251,8312,1,1477
3252,8224,1,1609
3253,7446,1,1279
3254,9647,1,3059
3255,7129,1,365
3256,8624,1,2866
3257,9046,1,2269
3258,7552,1,97
3259,8320,1,452
3260,8417,1,11
3261,8992,1,2459
3262,10056,1,2061
3263,8713,1,1514
3264,9173,1,2497
3265,7863,1,533
3266,8052,1,2435
3267,9789,1,2051
3268,8750,1,1113
3269,7717,1,1572
3270,8009,1,2518
3271,8799,1,2633
3272,8455,1,947
3273,9733,1,1482
3274,7459,1,563
3275,8288,1,2055
3276,8875,1,1803
3277,8952,1,1693
3278,8615,1,864
3279,9339,1,2781
3280,8738,1,35
3281,7959,1,921
3282,10978,1,47
3283,8165,1,2773
3284,8274,1,2793
3285,7639,1,2200
3286,8721,1,3043
3287,8122,1,1123
3288,9055,1,1506
3289,8608,1,916
3290,8685,1,1785
3291,8555,1,3009
3292,9235,1,919
3293,10376,1,1772
3294,8856,1,438
3295,8152,1,2649
3296,9613,1,2799
3297,8173,1,1150
3298,9168,1,985
3299,7275,1,1104
3300,8884,1,929
3301,7819,1,1870
3302,7432,1,1265
3303,8969,1,2518
3304,8857,1,2310
3305,9514,1,1473
3306,9100,1,899
3307,9843,1,9
3308,7236,1,2826
3309,8185,1,2001
3310,9281,1,1173
3311,8056,1,1965
3312,8543,1,2831
3313,8656,1,79
3314,9258,1,2466
3315,8784,1,1861
3316,10016,1,43
3317,8554,1,2961
3318,8801,1,1589
3319,8856,1,658
3320,9514,1,1857
3321,8165,1,303
3322,8239,1,1067
3323,7833,1,952
3324,7880,1,193
3325,7814,1,166
3326,9136,1,1609
3327,8499,1,1961
3328,7914,1,1580
3329,8875,1,2470
3330,8703,1,2449
3331,8215,1,2415
3332,7755,1,1404
3333,7161,1,1995
3334,9097,1,2379
3335,8534,1,1285
3336,7999,1,1534
3337,8618,1,1902
3338,9380,1,1460
3339,9628,1,2916
3340,9400,1,860
3341,8870,1,2551
3342,7516,1,222
3343,7995,1,486
3344,8712,1,260
3345,8854,1,1303
3346,8088,1,1265
3347,8609,1,688
3348,8895,1,1193
3349,9013,1,978
3350,8024,1,552
3351,8235,1,67
3352,7296,1,416
3353,9090,1,2629
3354,8487,1,2842
3355,9106,1,2354
3356,8718,1,505
3357,8943,1,1334
3358,9351,1,1277
3359,7635,1,2718
3360,8850,1,750
3361,7205,1,933
3362,8834,1,318
3363,8098,1,1447
3364,7351,1,1617
3365,9506,1,2629
3366,8460,1,1438
3367,8084,1,2197
3368,8193,1,1992
3369,8399,1,1506
3370,8694,1,2453
3371,7819,1,2242
3372,8978,1,60
3373,8581,1,2785
3374,9799,1,1787
3375,7633,1,2446
3376,8720,1,160
3377,8716,1,1749
3378,8728,1,85
3379,6980,1,1556
3380,8464,1,511
3381,8356,1,669
3382,7907,1,1257
3383,8457,1,1089
3384,7099,1,1278
3385,10817,1,1970
3386,8598,1,1419
3387,8936,1,2015
3388,9256,1,201
3389,8571,1,1950
3390,11051,1,2915
3391,8534,1,2181
3392,8679,1,2938
3393,9299,1,1697
3394,8825,1,957
3395,9964,1,980
3396,7766,1,699
3397,8575,1,536
3398,7805,1,1773
3399,9650,1,2387
3400,7408,1,615
3401,9242,1,2758
3402,10450,1,2614
3403,8265,1,2787
3404,8890,1,172
3405,9352,1,2676
3406,8502,1,3063
3407,10504,1,618
3408,7989,1,2113
3409,8858,1,2289
3410,8340,1,2700
3411,7861,1,2603
3412,8776,1,789
3413,8928,1,955
3414,10027,1,2543
3415,8407,1,75
3416,8509,1,1619
3417,9022,1,602
3418,8162,1,2287
3419,9456,1,712
3420,9690,1,539
3421,9072,1,1642
3422,7766,1,983
3423,8448,1,416
3424,8169,1,695
3425,8190,1,1571
3426,8073,1,2249
3427,9154,1,2089
3428,9576,1,1271
3429,9663,1,951
3430,8267,1,72
3431,9457,1,125
3432,8603,1,2356
3433,7886,1,664
3434,8423,1,926
3435,9783,1,2193
3436,8423,1,947
3437,7936,1,2374
3438,7679,1,1788
3439,9258,1,1539
3440,10765,1,391
3441,8142,1,258
3442,10374,1,521
3443,8262,1,1084
3444,7836,1,554
3445,8355,1,1117
3446,8586,1,2362
3447,8651,1,959
3448,9745,1,2894
3449,8122,1,10
3450,7910,1,2741
3451,9221,1,63
3452,10307,1,1993
3453,9226,1,2300
3454,11254,1,27
3455,8830,1,759
3456,7834,1,2370
3457,8388,1,2002
3458,9209,1,337
3459,8502,1,338
3460,9066,1,77
3461,8763,1,393
3462,7916,1,3049
3463,7905,1,252
3464,7496,1,2099
3465,7710,1,120
3466,9571,1,3005
3467,8590,1,1934
3468,9627,1,2373
3469,8492,1,3049
3470,10195,1,2657
3471,8423,1,1445
3472,9340,1,25
3473,9238,1,1419
3474,8464,1,2912
3475,7498,1,960
3476,8425,1,1709
3477,10766,1,633
3478,9130,1,1238
3479,8278,1,3027
3480,10504,1,860
3481,8671,1,2265
3482,9110,1,3027
3483,8110,1,2496
3484,10608,1,1045
3485,7403,1,2207
3486,9636,1,895
3487,9835,1,2781
3488,9499,1,1603
3489,8098,1,47
3490,9345,1,2515
3491,8602,1,1580
3492,8291,1,883
3493,8750,1,2858
3494,8323,1,1494
3495,9310,1,1314
3496,10799,1,1809
3497,8953,1,2452
3498,8552,1,971
3499,9230,1,1701
3500,9863,1,924
3501,7811,1,482
3502,8143,1,1918
3503,8478,1,1148
3504,9222,1,2924
3505,9042,1,170
3506,9234,1,1941
3507,8493,1,1840
3508,8675,1,9
3509,7516,1,2468
3510,8826,1,2961
3511,6970,1,2993
3512,7845,1,2235
3513,9650,1,329
3514,8886,1,521
3515,8393,1,23
3516,7783,1,974
3517,9638,1,1427
3518,9069,1,213
3519,9780,1,2239
3520,8173,1,1833
3521,8913,1,33
3522,7791,1,2159
3523,8431,1,219
3524,7617,1,471
3525,7889,1,1629
3526,8991,1,1180
3527,8413,1,81
3528,7738,1,1238
3529,7985,1,1106
3530,9921,1,2192
3531,9538,1,2650
3532,7970,1,651
3533,9425,1,2371
3534,8680,1,700
3535,8175,1,745
3536,8226,1,1532
3537,7652,1,776
3538,9739,1,2196
3539,10416,1,435
3540,9278,1,189
3541,9099,1,1424
3542,8161,1,2564
3543,6994,1,1407
3544,8013,1,2194
3545,8504,1,966
3546,8814,1,402
3547,7921,1,1070
3548,7895,1,1647
3549,8322,1,565
3550,8473,1,99
3551,9160,1,2493
3552,7999,1,1190
3553,8405,1,2146
3554,8049,1,3043
3555,8960,1,1313
3556,9194,1,3024
3557,9876,1,495
3558,8784,1,485
3559,9545,1,763
3560,7632,1,1313
3561,8602,1,2422
3562,8340,1,1838
3563,9083,1,1603
3564,8429,1,2360
3565,8715,1,1469
3566,8729,1,290
3567,7254,1,1522
3568,7949,1,259
3569,9067,1,215
3570,8283,1,3025
3571,9345,1,481
3572,10110,1,794
3573,8468,1,3042
3574,7720,1,2202
3575,8878,1,627
3576,9946,1,2851
3577,8200,1,3056
3578,8714,1,1843
3579,8366,1,2417
3580,7939,1,1993
3581,7612,1,673
3582,8597,1,1029
3583,8596,1,1063
3584,10073,1,2763
3585,8059,1,1057
3586,9364,1,1662
3587,7741,1,152
3588,8957,1,734
3589,9085,1,1619
3590,7725,1,2130
3591,8319,1,951
3592,8260,1,2752
3593,8469,1,2882
3594,9860,1,232
3595,7934,1,1039
3596,10860,1,113
3597,10867,1,1661
3598,11125,1,978
3599,7972,1,2774
3600,8214,1,7
3601,9147,1,2821
3602,9126,1,2940
3603,7788,1,2513
3604,11032,1,74
3605,8038,1,1459
3606,9072,1,1681
3607,10265,1,2471
3608,9443,1,264
3609,8942,1,2641
3610,8065,1,125
3611,8308,1,841
3612,9132,1,834
3613,9329,1,1151
3614,9053,1,2016
3615,8810,1,2422
3616,7918,1,505
3617,8555,1,1441
3618,12548,1,2827
3619,7432,1,480
3620,8777,1,2969
3621,8819,1,348
3622,7348,1,2512
3623,9905,1,2645
3624,9384,1,37
3625,8582,1,2586
3626,7884,1,2563
3627,8725,1,1582
3628,7863,1,1184
3629,8862,1,1465
3630,9620,1,2697
3631,9153,1,441
3632,9830,1,1963
3633,8012,1,104
3634,8300,1,1363
3635,8068,1,2239
3636,8630,1,717
3637,8466,1,914
3638,9093,1,3017
3639,8630,1,1231
3640,8375,1,2644
3641,8090,1,2323
3642,8401,1,979
3643,8864,1,416
3644,8441,1,2310
3645,7647,1,133
3646,8447,1,2713
3647,8051,1,3005
3648,7811,1,348
3649,7160,1,1698
3650,9723,1,1139
3651,7551,1,1809
3652,9368,1,2649
3653,8865,1,1173
3654,7904,1,1601
3655,8534,1,1522
3656,8279,1,487
3657,9375,1,1425
3658,8458,1,397
3659,7602,1,2253
3660,8322,1,2343
3661,9133,1,2051
3662,7619,1,802
3663,10039,1,926
3664,7184,1,2330
3665,9873,1,1919
3666,8888,1,2155
3667,9426,1,2448
3668,9087,1,96
3669,8263,1,2293
3670,8270,1,2934
3671,7320,1,993
3672,7634,1,1149
3673,9302,1,1285
3674,8580,1,2535
3675,9186,1,656
3676,7658,1,2565
3677,8566,1,7
3678,10124,1,1274
3679,9978,1,2961
3680,8071,1,675
3681,10102,1,621
3682,7552,1,1734
3683,8855,1,1728
3684,10710,1,1827
3685,8780,1,1331
3686,8970,1,1004
3687,10280,1,274
3688,10930,1,991
3689,8442,1,1329
3690,9760,1,549
3691,8109,1,568
3692,9351,1,1729
3693,8793,1,89
3694,8988,1,2045
3695,9489,1,3043
3696,8168,1,1518
3697,8514,1,677
3698,8158,1,171
3699,9286,1,999
3700,9077,1,736
3701,8072,1,1295
3702,8375,1,254
3703,8332,1,250
3704,7982,1,1750
3705,9151,1,219
3706,7739,1,2727
3707,10349,1,175
3708,8680,1,246
3709,8282,1,1767
3710,8169,1,927
3711,7746,1,60
3712,7248,1,663
3713,8312,1,101
3714,8241,1,2645
3715,9937,1,897
3716,8540,1,1111
3717,9403,1,1263
3718,8424,1,468
3719,7757,1,922
3720,9282,1,2423
3721,8265,1,2198
3722,9298,1,2287
3723,9083,1,287
3724,7428,1,1780
3725,8896,1,387
3726,8660,1,302
3727,8859,1,1762
3728,8686,1,2417
3729,8037,1,1370
3730,8027,1,1043
3731,7944,1,407
3732,9047,1,2389
3733,8147,1,1661
3734,9330,1,2258
3735,7920,1,703
3736,8012,1,1287
3737,9090,1,395
3738,8452,1,2244
3739,8632,1,371
3740,7250,1,46
3741,8882,1,2629
3742,7910,1,853
3743,7507,1,2589
3744,8345,1,2452
3745,7531,1,1304
3746,9668,1,2017
3747,9458,1,2387
3748,7662,1,2186
3749,7987,1,901
3750,12156,1,1761
3751,7785,1,1135
3752,9318,1,1546
3753,7977,1,2830
3754,8656,1,2374
3755,7738,1,1539
3756,7179,1,1528
3757,8521,1,2969
3758,8520,1,2103
3759,9303,1,575
3760,8786,1,2514
3761,9763,1,1661
3762,7600,1,51
3763,8239,1,1937
3764,8758,1,2268
3765,8099,1,2241
3766,8549,1,2784
3767,8759,1,2579
3768,9393,1,1919
3769,8311,1,1497
3770,7746,1,329
3771,8556,1,1749
3772,8012,1,557
3773,8040,1,618
3774,7701,1,2976
3775,11346,1,1627
3776,8149,1,108
3777,7877,1,2113
3778,8561,1,1165
3779,7151,1,2831
3780,8821,1,2785
3781,10042,1,1329
3782,8912,1,451
3783,8901,1,811
3784,7694,1,120
3785,9747,1,421
3786,8405,1,1099
3787,9749,1,1315
3788,10068,1,2697
3789,10058,1,1539
3790,8302,1,2186
3791,9494,1,2181
3792,7436,1,839
3793,9443,1,229
3794,8017,1,125
3795,7533,1,1619
3796,7783,1,1647
3797,8702,1,1014
3798,9854,1,1033
3799,9507,1,1816
3800,8776,1,101
3801,7491,1,572
3802,8438,1,1256
3803,9199,1,1134
3804,8007,1,1291
3805,9053,1,42
3806,8386,1,466
3807,9410,1,1941
3808,9499,1,939
3809,7846,1,2316
3810,10503,1,487
3811,8031,1,810
3812,7967,1,951
3813,7807,1,219
3814,7837,1,2663
3815,8982,1,1384
3816,7282,1,2188
3817,9066,1,1004
3818,9380,1,3039
3819,8644,1,2185
3820,8561,1,1935
3821,7322,1,2008
3822,8407,1,2834
3823,8804,1,2827
3824,10999,1,1059
3825,9494,1,1827
3826,7848,1,2805
3827,7333,1,1098
3828,8051,1,2691
3829,8716,1,2378
3830,8498,1,917
3831,9721,1,2901
3832,8075,1,2242
3833,9009,1,897
3834,7160,1,85
3835,9259,1,295
3836,9329,1,1158
3837,8758,1,2503
3838,8439,1,2039
3839,8723,1,1241
3840,8477,1,2627
3841,9086,1,2979
3842,9503,1,2305
3843,9676,1,725
3844,8736,1,2994
3845,9483,1,2781
3846,8588,1,1409
3847,8621,1,1461
3848,10151,1,1291
3849,8255,1,536
3850,9483,1,1139
3851,8480,1,176
3852,8709,1,2785
3853,9578,1,2289
3854,9580,1,406
3855,7499,1,1803
3856,9388,1,1489
3857,7217,1,612
3858,9143,1,2437
3859,8547,1,2211
3860,8496,1,2397
3861,9118,1,627
3862,8316,1,1326
3863,10177,1,1631
3864,10174,1,505
3865,8366,1,1014
3866,8251,1,1217
3867,10101,1,2146
3868,9133,1,90
3869,9062,1,1909
3870,8327,1,336
3871,8132,1,1635
3872,8736,1,1091
3873,9457,1,3069
3874,7202,1,861
3875,8042,1,1306
3876,7966,1,1990
3877,8431,1,1052
3878,8528,1,2018
3879,9362,1,2290
3880,7579,1,2481
3881,10321,1,515
3882,9357,1,764
3883,8597,1,1319
3884,9175,1,1422
3885,8181,1,2483
3886,8241,1,441
3887,8963,1,1275
3888,10365,1,2257
3889,7208,1,989
3890,8957,1,2432
3891,9625,1,1081
3892,8418,1,1859
3893,10805,1,1332
3894,7665,1,102
3895,11186,1,2419
3896,9331,1,1483
3897,8153,1,956
3898,8103,1,1907
3899,7894,1,2503
3900,8769,1,1311
3901,8821,1,2321
3902,9870,1,542
3903,8566,1,2835
3904,8493,1,1833
3905,10391,1,801
3906,7476,1,929
3907,9095,1,1249
3908,8536,1,193
3909,8357,1,2720
3910,9354,1,115
3911,8003,1,53
3912,7427,1,1272
3913,8819,1,2814
3914,8348,1,104
3915,8600,1,193
3916,8416,1,97
3917,8306,1,2343
3918,8898,1,315
3919,8093,1,1146
3920,9839,1,1809
3921,8211,1,1087
3922,8322,1,2280
3923,8407,1,2624
3924,8516,1,21
3925,7595,1,1558
3926,8139,1,1851
3927,7755,1,3000
3928,7996,1,785
3929,9523,1,965
3930,7358,1,3053
3931,7724,1,674
3932,9152,1,985
3933,10909,1,1751
3934,8801,1,401
3935,9164,1,226
3936,8524,1,673
3937,7667,1,887
3938,8644,1,629
3939,7984,1,511
3940,7825,1,2951
3941,7677,1,2431
3942,8403,1,1087
3943,8918,1,27
3944,8772,1,854
3945,9768,1,3056
3946,9856,1,51
3947,8274,1,2037
3948,10507,1,2781
3949,8241,1,266
3950,9716,1,2989
3951,9584,1,2100
3952,8447,1,2348
3953,8423,1,864
3954,7476,1,1338
3955,9517,1,1833
3956,9136,1,2145
3957,7637,1,1110
3958,8839,1,2165
3959,9262,1,2990
3960,8496,1,1753
3961,8764,1,1247
3962,8914,1,2287
3963,7956,1,2512
3964,9283,1,243
3965,7630,1,139
3966,8291,1,2762
3967,9146,1,1539
3968,7731,1,2549
3969,8584,1,825
3970,7509,1,220
3971,8440,1,2006
3972,8850,1,1301
3973,9897,1,365
3974,8025,1,2667
3975,9163,1,1433
3976,8044,1,1326
3977,7863,1,2696
3978,7555,1,2462
3979,8353,1,248
3980,8231,1,1952
3981,7928,1,2015
3982,10058,1,1539
3983,9576,1,1544
3984,7984,1,2538
3985,7390,1,323
3986,9073,1,1739
3987,9239,1,2389
3988,9712,1,2145
3989,9041,1,2116
3990,8276,1,2541
3991,9102,1,2117
3992,7787,1,1603
3993,8087,1,45
3994,9876,1,2187
3995,9150,1,2620
3996,7679,1,2456
3997,8984,1,193
3998,8320,1,1034
3999,7910,1,595
4000,8674,1,307
4001,7732,1,1382
4002,8027,1,2450
4003,7864,1,977
4004,8089,1,514
4005,8218,1,77
4006,8271,1,3068
4007,10872,1,1932
4008,9532,1,2513
4009,8009,1,2667
4010,9318,1,773
4011,7709,1,163
4012,8410,1,2925
4013,8611,1,2947
4014,8112,1,387
4015,7881,1,2787
4016,8674,1,2035
4017,8680,1,1251
4018,8183,1,1077
4019,8902,1,1054
4020,8229,1,2254
4021,8042,1,172
4022,10731,1,2674
4023,8732,1,2754
4024,8484,1,2096
4025,7806,1,857
4026,8134,1,2060
4027,8923,1,1345
4028,7742,1,794
4029,8885,1,1832
4030,8343,1,2517
4031,8311,1,697
4032,10015,1,1339
4033,8355,1,582
4034,7811,1,1486
4035,8472,1,1235
4036,9151,1,659
4037,7447,1,2944
4038,8304,1,417
4039,7608,1,117
4040,8586,1,1402
4041,8371,1,863
4042,7726,1,2386
4043,7229,1,2859
4044,7556,1,426
4045,8731,1,1403
4046,9495,1,1291
4047,9707,1,1380
4048,7506,1,293
4049,8294,1,3027
4050,9532,1,1561
4051,9023,1,3034
4052,8499,1,1364
4053,7433,1,2574
4054,7899,1,349
4055,8912,1,1373
4056,7923,1,3050
4057,9343,1,3014
4058,7986,1,1267
4059,9142,1,7
4060,7381,1,2302
4061,9588,1,747
4062,8826,1,131
4063,7870,1,2386
4064,9253,1,1715
4065,7930,1,2631
4066,9093,1,2479
4067,7264,1,2020
4068,8363,1,1433
4069,8569,1,288
4070,8250,1,2659
4071,8448,1,930
4072,9687,1,2927
4073,9125,1,1451
4074,8735,1,1869
4075,8063,1,524
4076,8822,1,757
4077,10236,1,673
4078,7659,1,1496
4079,8675,1,2693
4080,7860,1,2769
4081,9442,1,1941
4082,9662,1,1973
4083,9351,1,347
4084,9391,1,2633
4085,8241,1,2564
4086,8865,1,882
4087,7843,1,321
4088,8855,1,1262
4089,8431,1,1779
4090,8247,1,2753
4091,10709,1,2226
4092,8887,1,1678
4093,8860,1,2677
4094,8419,1,1569
4095,8584,1,2099
4096,8808,1,2329
4097,10632,1,2061
4098,7579,1,1463
4099,8469,1,2855
4100,8737,1,2148
4101,8849,1,1311
4102,8716,1,2754
4103,7688,1,2805
4104,8404,1,339
4105,8425,1,1709
4106,9464,1,800
4107,8417,1,1165
4108,9061,1,3019
4109,8791,1,2842
4110,10108,1,1749
4111,7975,1,1980
4112,8963,1,2691
4113,8694,1,2079
4114,8857,1,2464
4115,7381,1,1237
4116,8279,1,75
4117,7811,1,1064
4118,8422,1,1522
4119,9970,1,1863
4120,8146,1,2064
4121,8075,1,1288
4122,9288,1,534
4123,8216,1,1562
4124,9101,1,1873
4125,8443,1,1263
4126,8314,1,467
4127,8178,1,2690
4128,8540,1,1438
4129,8987,1,2977
4130,9517,1,2651
4131,10360,1,1698
4132,7510,1,2218
4133,9135,1,2363
4134,8468,1,2435
4135,8608,1,1218
4136,7842,1,1397
4137,9423,1,276
4138,11282,1,1221
4139,9038,1,794
4140,9458,1,537
4141,8160,1,1308
4142,7415,1,1868
4143,8415,1,87
4144,8132,1,791
4145,7795,1,2178
4146,9795,1,1839
4147,8440,1,1553
4148,7790,1,1948
4149,8179,1,321
4150,9206,1,1040
4151,10040,1,2817
4152,8056,1,246
4153,8801,1,2085
4154,8040,1,1235
4155,8492,1,1215
4156,8245,1,1098
4157,8514,1,2182
4158,8034,1,2419
4159,9430,1,1194
4160,7812,1,361
4161,9335,1,2878
4162,7077,1,1978
4163,9187,1,887
4164,7500,1,1247
4165,8096,1,325
4166,9424,1,1373
4167,9685,1,2785
4168,8788,1,2430
4169,7124,1,1428
4170,8355,1,2884
4171,8726,1,893
4172,8687,1,3059
4173,9086,1,2331
4174,7381,1,167
4175,10043,1,915
4176,9429,1,2490
4177,7438,1,2761
4178,7867,1,1178
4179,8470,1,27
4180,8954,1,2013
4181,7225,1,1960
4182,8913,1,2645
4183,8460,1,2273
4184,8169,1,513
4185,11073,1,1165
4186,8954,1,2400
4187,8731,1,692
4188,9480,1,971
4189,10636,1,1761
4190,8314,1,2883
4191,7398,1,1538
4192,7401,1,957
4193,9407,1,1129
4194,8742,1,1434
4195,9250,1,565
4196,7318,1,1419
4197,7863,1,2078
4198,8946,1,111
4199,9615,1,951
4200,10296,1,2202
4201,7700,1,2700
4202,8527,1,1809
4203,8467,1,421
4204,10016,1,3035
4205,8637,1,945
4206,9476,1,2989
4207,7698,1,2381
4208,7721,1,520
4209,11018,1,2869
4210,8879,1,133
4211,7828,1,116
4212,9291,1,1263
4213,7606,1,2333
4214,10378,1,397
4215,8675,1,2657
4216,8640,1,1410
4217,7233,1,359
4218,8097,1,625
4219,8185,1,2881
4220,6666,1,994
4221,8050,1,2387
4222,8397,1,152
4223,9198,1,2941
4224,9629,1,2839
4225,9099,1,2196
4226,8336,1,97
4227,8966,1,1003
4228,8563,1,1692
4229,8684,1,1549
4230,8295,1,1591
4231,9786,1,1174
4232,9210,1,493
4233,8474,1,1823
4234,8338,1,861
4235,9450,1,1550
4236,9844,1,1817
4237,8319,1,2195
4238,8639,1,2966
4239,7992,1,2015
4240,10258,1,329
4241,8857,1,2740
4242,9248,1,2735
4243,8496,1,435
4244,9315,1,746
4245,7846,1,1231
4246,8509,1,450
4247,8738,1,47
4248,9701,1,2156
4249,8487,1,2579
4250,8360,1,2805
4251,8339,1,235
4252,8451,1,830
4253,8167,1,2753
4254,9554,1,651
4255,8295,1,1205
4256,8634,1,2631
4257,8122,1,212
4258,8146,1,1199
4259,9185,1,1311
4260,9095,1,828
4261,8217,1,671
4262,8717,1,494
4263,9064,1,2329
4264,8943,1,283
4265,8816,1,1240
4266,8514,1,1971
4267,8218,1,2744
4268,8963,1,9
4269,7232,1,1734
4270,7914,1,842
4271,8326,1,2190
4272,9379,1,1569
4273,8583,1,2457
4274,8842,1,1580
4275,8576,1,2134
4276,8655,1,209
4277,9426,1,2188
4278,8095,1,1869
4279,8811,1,2959
4280,8810,1,12
4281,9417,1,1135
4282,9134,1,3053
4283,9610,1,2565
4284,9050,1,292
4285,9142,1,2499
4286,8075,1,2727
4287,8732,1,594
4288,8327,1,1905
4289,9186,1,1971
4290,9130,1,1921
4291,7608,1,2914
4292,8995,1,802
4293,8035,1,2867
4294,7645,1,213
4295,9319,1,1262
4296,11037,1,213
4297,7656,1,193
4298,7836,1,815
4299,7942,1,7
4300,7772,1,1489
4301,7810,1,395
4302,8975,1,425
4303,9804,1,3062
4304,7843,1,2462
4305,10494,1,2620
4306,9029,1,145
4307,10776,1,860
4308,8330,1,1273
4309,9391,1,1937
4310,10155,1,1528
4311,8864,1,911
4312,8168,1,2189
4313,8752,1,1981
4314,9014,1,1502
4315,7940,1,1984
4316,8685,1,175
4317,7858,1,677
4318,10175,1,3059
4319,8590,1,886
4320,7733,1,2247
4321,8986,1,364
4322,9156,1,1382
4323,8113,1,1992
4324,10677,1,1237
4325,9828,1,866
4326,8818,1,307
4327,8302,1,2386
4328,8567,1,1205
4329,7587,1,746
4330,8251,1,1803
4331,9292,1,2677
4332,8724,1,2702
4333,8717,1,1619
4334,8609,1,1012
4335,8798,1,2405
4336,8292,1,299
4337,10039,1,1291
4338,7922,1,596
4339,9624,1,2729
4340,10391,1,1647
4341,7665,1,2313
4342,8230,1,1928
4343,8194,1,1710
4344,8993,1,1158
4345,7559,1,2623
4346,8153,1,763
4347,7872,1,1218
4348,9366,1,1051
4349,7957,1,303
4350,8532,1,2757
4351,8074,1,1823
4352,7617,1,110
4353,9540,1,889
4354,7923,1,2093
4355,8351,1,1100
4356,8540,1,2428
4357,8645,1,2490
4358,7875,1,887
4359,7506,1,353
4360,8469,1,1458
4361,8172,1,721
4362,9096,1,2202
4363,8789,1,249
4364,8183,1,1897
4365,9035,1,538
4366,7876,1,146
4367,7809,1,354
4368,8264,1,260
4369,7314,1,378
4370,8968,1,2021
4371,8577,1,1072
4372,9042,1,537
4373,8731,1,1304
4374,8673,1,2523
4375,7833,1,1764
4376,8029,1,2220
4377,7797,1,2601
4378,8498,1,2690
4379,10718,1,1465
4380,7967,1,2305
4381,8342,1,1282
4382,10417,1,401
4383,8110,1,225
4384,9674,1,1877
4385,9239,1,2165
4386,8099,1,790
4387,10593,1,1093
4388,8561,1,1733
4389,8148,1,2501
4390,9272,1,2729
4391,7846,1,1084
4392,9004,1,848
4393,8052,1,1428
4394,8187,1,2373
4395,7912,1,2015
4396,8014,1,1738
4397,8356,1,1140
4398,8034,1,307
4399,10204,1,1500
4400,8388,1,2317
4401,9004,1,1183
4402,7434,1,603
4403,8520,1,371
4404,8112,1,2179
4405,7935,1,1640
4406,8072,1,1622
4407,7974,1,2825
4408,8073,1,1650
4409,8275,1,919
4410,8809,1,2471
4411,9596,1,899
4412,9053,1,687
4413,7854,1,3070
4414,8239,1,209
4415,8664,1,977
4416,8242,1,565
4417,7708,1,221
4418,7441,1,453
4419,9927,1,2900
4420,7815,1,2715
4421,9700,1,2324
4422,7931,1,295
4423,8232,1,37
4424,8304,1,1613
4425,10068,1,969
4426,8923,1,289
4427,9043,1,2115
4428,8601,1,1135
4429,9621,1,296
4430,8765,1,391
4431,8698,1,2621
4432,9747,1,243
4433,9025,1,1165
4434,9362,1,2089
4435,8863,1,219
4436,9918,1,2948
4437,8691,1,606
4438,8368,1,479
4439,7712,1,179
4440,10878,1,2417
4441,7932,1,899
4442,8498,1,1121
4443,8399,1,1052
4444,9558,1,2973
4445,7805,1,1224
4446,9702,1,1427
4447,11635,1,321
4448,7687,1,1390
4449,9456,1,2397
4450,8099,1,439
4451,7808,1,803
4452,9087,1,1881
4453,8555,1,1603
4454,9119,1,2633
4455,7807,1,1129
4456,8334,1,1811
4457,9041,1,625
4458,9533,1,1461
4459,9231,1,940
4460,8449,1,1588
4461,8341,1,2717
4462,9287,1,2005
4463,9658,1,1539
4464,7534,1,2617
4465,9083,1,1138
4466,8198,1,2333
4467,8631,1,864
4468,9202,1,2104
4469,9001,1,1650
4470,8574,1,602
4471,7871,1,1809
4472,8630,1,1084
4473,8251,1,2771
4474,8002,1,2354
4475,9675,1,2959
4476,8838,1,2053
4477,8010,1,1760
4478,10513,1,1127
4479,9533,1,2555
4480,8951,1,675
4481,9008,1,685
4482,8035,1,1272
4483,9956,1,711
4484,8082,1,2035
4485,9035,1,1493
4486,7792,1,1911
4487,8182,1,592
4488,8310,1,356
4489,9143,1,1077
4490,7993,1,2001
4491,8545,1,2669
4492,8801,1,2243
4493,7931,1,1217
4494,8511,1,2367
4495,9091,1,2658
4496,8918,1,2556
4497,8932,1,2435
4498,7312,1,611
4499,9480,1,989
4500,10198,1,7
4501,8221,1,1913
4502,8658,1,502
4503,8699,1,478
4504,8828,1,1287
4505,11106,1,991
4506,9401,1,2783
4507,8320,1,1861
4508,9349,1,2521
4509,7726,1,3021
4510,7143,1,2071
4511,8191,1,3059
4512,9600,1,1308
4513,8236,1,1409
4514,8272,1,387
4515,8052,1,854
4516,8218,1,1550
4517,8103,1,2150
4518,8049,1,239
4519,9315,1,2693
4520,9339,1,3051
4521,9978,1,1691
4522,8863,1,2168
4523,8312,1,2334
4524,8757,1,2479
4525,9163,1,459
4526,8208,1,2548
4527,8517,1,2785
4528,8381,1,1480
4529,9115,1,1147
4530,10809,1,2740
4531,8658,1,318
4532,9024,1,1313
4533,7123,1,1888
4534,8004,1,722
4535,8405,1,1048
4536,8310,1,1384
4537,9643,1,2081
4538,9846,1,2777
4539,8370,1,634
4540,7711,1,2456
4541,9170,1,1109
4542,7767,1,2165
4543,7271,1,1997
4544,9239,1,1291
4545,8961,1,174
4546,9171,1,2622
4547,8043,1,1404
4548,10134,1,2181
4549,8441,1,695
4550,8081,1,1070
4551,7594,1,1375
4552,7719,1,1903
4553,9351,1,631
4554,10941,1,90
4555,10272,1,485
4556,7823,1,1573
4557,7698,1,2344
4558,7640,1,1442
4559,8838,1,2069
4560,8884,1,445
4561,9959,1,2900
4562,9095,1,1317
4563,8037,1,2166
4564,9160,1,2930
4565,8054,1,2910
4566,8458,1,2960
4567,9661,1,494
4568,9145,1,1092
4569,8604,1,1111
4570,8952,1,2015
4571,8597,1,982
4572,8871,1,1445
4573,8963,1,2115
4574,7630,1,2386
4575,7816,1,78
4576,8859,1,881
4577,9969,1,2716
4578,8625,1,1891
4579,7267,1,38
4580,8845,1,2935
4581,8476,1,1247
4582,9765,1,1566
4583,9010,1,1941
4584,8706,1,3054
4585,9211,1,287
4586,8146,1,565
4587,10067,1,454
4588,9837,1,42
4589,8119,1,2092
4590,9226,1,503
4591,9662,1,2941
4592,9538,1,395
4593,8348,1,1605
4594,8243,1,1755
4595,7658,1,1757
4596,8809,1,2577
4597,7955,1,887
4598,8783,1,2738
4599,8819,1,2059
4600,9727,1,1881
4601,9007,1,2338
4602,7655,1,346
4603,7845,1,799
4604,7935,1,1519
4605,8493,1,720
4606,8187,1,1217
4607,7819,1,1879
4608,9113,1,2870
4609,8374,1,2741
4610,10392,1,1235
4611,8010,1,379
4612,7917,1,2051
4613,8799,1,1869
4614,9186,1,991
4615,8363,1,2543
4616,8829,1,2553
4617,8698,1,1855
4618,7779,1,746
4619,7744,1,1595
4620,7760,1,2047
4621,8729,1,99
4622,8435,1,1942
4623,9856,1,1001
4624,8205,1,372
4625,8766,1,2186
4626,8559,1,2327
4627,10297,1,2904
4628,8356,1,2702
4629,9257,1,695
4630,7148,1,1111
4631,8708,1,758
4632,8714,1,364
4633,8074,1,3018
4634,7924,1,2439
4635,8385,1,2085
4636,8824,1,993
4637,8928,1,1226
4638,8406,1,2503
4639,9552,1,97
4640,11044,1,2017
4641,8961,1,2238
4642,8772,1,2435
4643,9365,1,342
4644,9649,1,1551
4645,8950,1,1419
4646,10358,1,412
4647,7423,1,1100
4648,8070,1,2853
4649,8046,1,1340
4650,8424,1,1518
4651,8880,1,668
4652,8199,1,2078
4653,8146,1,206
4654,8438,1,2053
4655,12778,1,2073
4656,9248,1,2912
4657,7811,1,2012
4658,9766,1,241
4659,8108,1,1489
4660,8665,1,2019
4661,7293,1,1415
4662,8433,1,2986
4663,8000,1,1373
4664,8721,1,2873
4665,9597,1,2237
4666,9115,1,2373
4667,7917,1,2972
4668,8586,1,842
4669,9271,1,2772
4670,8194,1,543
4671,8692,1,2501
4672,9089,1,1202
4673,7500,1,1111
4674,10157,1,42
4675,9134,1,2641
4676,7250,1,2110
4677,7934,1,120
4678,9710,1,744
4679,7897,1,3022
4680,7074,1,522
4681,8766,1,2031
4682,8819,1,245
4683,9136,1,1753
4684,8639,1,951
4685,8242,1,2046
4686,9862,1,2060
4687,7353,1,1727
4688,8727,1,2888
4689,8600,1,1235
4690,7545,1,1222
4691,7735,1,2878
4692,7949,1,2251
4693,7766,1,2825
4694,8134,1,1003
4695,7258,1,2801
4696,7970,1,2690
4697,7977,1,1089
4698,7786,1,503
4699,8082,1,2778
4700,9294,1,1260
4701,8879,1,1573
4702,7938,1,2387
4703,8379,1,2399
4704,8851,1,831
4705,7971,1,439
4706,9135,1,2584
4707,7089,1,1359
4708,7681,1,2986
4709,9221,1,657
4710,9931,1,2619
4711,9473,1,1629
4712,10811,1,826
4713,9504,1,955
4714,7779,1,1023
4715,7772,1,406
4716,7952,1,1998
4717,8408,1,123
4718,8143,1,105
4719,9004,1,1247
4720,7996,1,2025
4721,8606,1,118
4722,8199,1,926
4723,8293,1,1716
4724,9954,1,656
4725,8793,1,2143
4726,8636,1,1549
4727,8362,1,2013
4728,8771,1,870
4729,9707,1,2619
4730,7453,1,81
4731,8129,1,1589
4732,8964,1,581
4733,7558,1,1626
4734,8810,1,3018
4735,9758,1,2617
4736,9778,1,293
4737,10749,1,2632
4738,8340,1,1984
4739,7585,1,1844
4740,7576,1,2334
4741,7960,1,1533
4742,7484,1,222
4743,9446,1,2889
4744,8630,1,1194
4745,8119,1,1906
4746,8023,1,2772
4747,8923,1,1223
4748,8228,1,1228
4749,8042,1,1539
4750,8421,1,2521
4751,8735,1,2458
4752,8819,1,235
4753,8127,1,1864
4754,10479,1,3
4755,8301,1,2455
4756,8319,1,105
4757,8163,1,2241
4758,7917,1,64
4759,8815,1,2913
4760,8363,1,376
4761,8065,1,401
4762,8661,1,2483
4763,9778,1,772
4764,7785,1,927
4765,8737,1,827
4766,9448,1,2805
4767,8746,1,2323
4768,8773,1,2153
4769,9681,1,2238
4770,7633,1,2446
4771,8561,1,1665
4772,8955,1,1775
4773,8410,1,1567
4774,9578,1,2509
4775,7606,1,3047
4776,7595,1,809
4777,7424,1,1998
4778,7858,1,170
4779,10433,1,2984
4780,8176,1,310
4781,9596,1,1207
4782,8744,1,1949
4783,8255,1,838
4784,7244,1,2045
4785,9776,1,930
4786,8704,1,2047
4787,8167,1,864
4788,8130,1,823
4789,9897,1,2531
4790,8049,1,2138
4791,9469,1,1619
4792,9138,1,2089
4793,9323,1,1975
4794,7931,1,959
4795,8878,1,1113
4796,11331,1,887
4797,7749,1,2603
4798,8802,1,2690
4799,8272,1,835
4800,7995,1,30
4801,8742,1,501
4802,8625,1,2515
4803,9221,1,707
4804,8158,1,2326
4805,8734,1,1811
4806,7427,1,2943
4807,9284,1,669
4808,8326,1,2264
4809,8015,1,1432
4810,8631,1,1729
4811,8094,1,258
4812,8842,1,131
4813,9982,1,2496
4814,8138,1,2394
4815,9660,1,1429
4816,8015,1,1955
4817,7413,1,2497
4818,11181,1,1873
4819,8011,1,1178
4820,8825,1,2000
4821,8219,1,2781
4822,9372,1,785
4823,7959,1,2878
4824,8273,1,1925
4825,8237,1,568
4826,8305,1,2445
4827,7991,1,2933
4828,9312,1,413
4829,8377,1,2056
4830,9665,1,252
4831,8246,1,699
4832,9438,1,2186
4833,9050,1,1921
4834,7804,1,1513
4835,8271,1,1457
4836,8021,1,476
4837,11072,1,930
4838,8143,1,3059
4839,9801,1,927
4840,10672,1,1226
4841,9319,1,2309
4842,7820,1,2988
4843,7502,1,2095
4844,8034,1,1109
4845,8065,1,1311
4846,8681,1,365
4847,9244,1,1429
4848,9266,1,1941
4849,9616,1,2538
4850,7702,1,2597
4851,8529,1,1665
4852,7878,1,309
4853,8801,1,2616
4854,9611,1,1304
4855,9268,1,2769
4856,9263,1,1640
4857,7637,1,1102
4858,7773,1,1947
4859,7695,1,891
4860,8367,1,1100
4861,8478,1,258
4862,9486,1,1706
4863,7871,1,2168
4864,7907,1,535
4865,8471,1,3013
4866,7768,1,2493
4867,9600,1,413
4868,7949,1,1741
4869,8554,1,2937
4870,9547,1,1991
4871,8413,1,1958
4872,8816,1,835
4873,8004,1,775
4874,9030,1,773
4875,8824,1,2493
4876,7619,1,1755
4877,9280,1,911
4878,7712,1,413
4879,9424,1,51
4880,7843,1,887
4881,8837,1,1029
4882,8071,1,347
4883,8329,1,833
4884,8775,1,1617
4885,7778,1,2395
4886,7275,1,1065
4887,9423,1,2913
4888,9222,1,178
4889,8089,1,1341
4890,9123,1,1661
4891,8936,1,2649
4892,8783,1,1100
4893,8821,1,1110
4894,8055,1,1205
4895,8446,1,877
4896,8445,1,2799
4897,8172,1,1331
4898,9296,1,1988
4899,10645,1,108
4900,8080,1,985
4901,8496,1,1308
4902,7898,1,1053
4903,9031,1,654
4904,10281,1,957
4905,8175,1,2338
4906,7718,1,2079
4907,9889,1,2585
4908,8566,1,1356
4909,9194,1,1757
4910,9763,1,2241
4911,8010,1,143
4912,8151,1,1156
4913,9407,1,2168
4914,7852,1,1814
4915,9277,1,415
4916,9998,1,187
4917,8080,1,615
4918,9140,1,841
4919,8592,1,2259
4920,9159,1,1575
4921,7450,1,2121
4922,8182,1,757
4923,10608,1,2020
4924,8707,1,2115
4925,8697,1,509
4926,8411,1,72
4927,8237,1,1598
4928,8529,1,1690
4929,7750,1,7
4930,8258,1,1730
4931,8618,1,1671
4932,7545,1,686
4933,8549,1,2689
4934,8776,1,2971
4935,8394,1,1599
4936,8263,1,976
4937,9361,1,612
4938,9235,1,883
4939,8314,1,2394
4940,8240,1,2735
4941,9323,1,826
4942,8505,1,49
4943,10037,1,2521
4944,8413,1,922
4945,9223,1,1205
4946,9274,1,1305
4947,8317,1,152
4948,8042,1,1921
4949,9133,1,529
4950,9543,1,631
4951,8164,1,2535
4952,8565,1,2521
4953,8367,1,1555
4954,8370,1,1802
4955,7338,1,2227
4956,7795,1,1087
4957,7858,1,1641
4958,7595,1,1950
4959,7748,1,2435
4960,8808,1,2495
4961,10450,1,2778
4962,8960,1,1373
4963,7724,1,725
4964,8350,1,2641
4965,8152,1,2015
4966,8362,1,641
4967,8124,1,834
4968,10267,1,1950
4969,8400,1,1034
4970,8845,1,1038
4971,8936,1,1133
4972,8333,1,163
4973,8744,1,1553
4974,8590,1,886
4975,8641,1,2063
4976,9677,1,1150
4977,8959,1,219
4978,8679,1,1584
4979,8859,1,1496
4980,9005,1,1751
4981,8124,1,725
4982,9757,1,2431
4983,10485,1,1315
4984,8061,1,2360
4985,9302,1,338
4986,8902,1,1356
4987,8095,1,57
4988,8139,1,2477
4989,8366,1,744
4990,8476,1,980
4991,7940,1,2297
4992,7766,1,2863
4993,8624,1,984
4994,8011,1,1455
4995,9201,1,2669
4996,8397,1,1951
4997,9082,1,1053
4998,8300,1,1765
